Date,User,Tweet,lokasi
2023-02-19 23:40:58+00:00,anaknusantara17,@Lintas_Jaman Presiden @PDI_Perjuangan rasa @PartaiGolkar . CC @mohmahfudmd @puanmaharani_ri @jokowi,
2023-02-19 23:12:20+00:00,rahdanim,@judaskiss69 @ramengvrl @puanmaharani_ri Emang bansat lo ye! Dri masany papa J sampai di era jokowi. Jdi cepu mulu!,Heaven
2023-02-19 22:58:28+00:00,machrilmachril1,@RambaImelda @DanaPensiun22 @erickthohir @Jiwasraya @jokowi @mohmahfudmd @puanmaharani_ri @AryaSinulingga @Kiyai_MarufAmin @rahayupuspa7 @ojkindonesia @KSPgoid Kita harus semangat; yang kita perjuangkan Bukan Hanya hak Nasabah tetapi juga ke wibawa an Hukum dan Peraturan.,"Denpasar, Bali"
2023-02-19 22:57:57+00:00,langitbirubth,"@PDIPerjuangan 
@msoekarnoputri 
@puanmaharani_ri 

Makin jelas anda2 semua adalah partai komunis perjuangan indonesia! 

https://t.co/YmEczRCU75",
2023-02-19 22:52:06+00:00,WongRuwet2024,"saiki aku wes sadar terlalu goblok mencintaimu
RUNGKAT entek tenanan bondone rakyat mbok enggo dolanan
@PDemokrat @Gerindra @PartaiGolkar @NasDem @PDIP_JATIM @SBYudhoyono @AgusYudhoyono @ganjarpranowo @puanmaharani_ri  
@fyp
@beritajatimcom 
@liputan6dotcom 
@jawapos 
@kompascom https://t.co/2Rowc1c8eM",
2023-02-19 22:45:12+00:00,RambaImelda,"@DanaPensiun22 @machrilmachril1 @erickthohir @Jiwasraya @jokowi @mohmahfudmd @puanmaharani_ri @AryaSinulingga @Kiyai_MarufAmin @rahayupuspa7 @ojkindonesia @KSPgoid mantap Pak kaosnya ğŸ‘, tetap semangat utk memperjuangkan hak nasabah",
2023-02-19 21:40:55+00:00,titusthok,@CahNom81 Nitip salam Bu @puanmaharani_ri buat ibunya,
2023-02-19 18:33:12+00:00,judaskiss69,@rahdanim @ramengvrl @puanmaharani_ri,
2023-02-19 17:32:26+00:00,AnKiiim_,@clatenicoev @puanmaharani_ri woeellaaaahh  ğŸ¤£ğŸ¤£,ğŸ¤ LaeoEola91
2023-02-19 17:29:42+00:00,clatenicoev,"@AnKiiim_ @puanmaharani_ri Apa ibu"" suruh dugem","Province of Moscow, Russia"
2023-02-19 17:15:03+00:00,apr76499232,"pernyataan @puanmaharani_ri  
https://t.co/X7qERUWfpD",Jakarta
2023-02-19 16:57:17+00:00,dicaprio_deni,"@puanmaharani_ri Kalau ga dateng ke pengajian ga bakal tau bu tentang bagaimana rasulullah bisa di teladani.
ğŸ˜ğŸ˜ğŸ˜",
2023-02-19 16:57:01+00:00,CrossForMary,@alpukitkat tolong dibantu kak Puan @puanmaharani_ri ini mumpung akunnya ga digembok,Scotland Yard
2023-02-19 16:47:38+00:00,perempuansahab1,"Dalam Rangka hari Ulangtahun PDIP yang ke 50
P S Puan mengikuti kegiatan Lomba Senam SICITA dan Meraih JUARA 1 (Pertama),Tangerang - Banten , 19 Februari 2023.  @puanmaharani_ri https://t.co/MYYErNLvCy",Tangerang
2023-02-19 16:12:14+00:00,Ryandhiaprilien,@jek___ @puanmaharani_ri ehem,
2023-02-19 16:10:23+00:00,amir_alv,"Maaf beribu maaf...urus aja anak anda @puanmaharani_ri yang mau nyapres 2024, apakah sudah meningkat elektabilitasnya...kalau belum coba sewa Lembaga Survey abal2 yang banyak di negeri ini untuk membuat hasil survey sesuai Permintaan...yang penting bayarannya pas...ğŸ‘ğŸ‘ğŸ‘ğŸ¸ğŸ”¨ğŸ¸ğŸ”¨",
2023-02-19 14:42:00+00:00,MakhfudzSolaim1,@z_soleh @jokowi @prabowo @mohmahfudmd @titokarnavian_ @KemensosRI @puanmaharani_ri @cakimiNOW Hidup Hansip,"Cimahi Selatan, Indonesia"
2023-02-19 14:28:22+00:00,RadarKorupsi,"Sekali Hasto bicara dimedia, dua digit turun elektabilitas partai PDIP. @puanmaharani_ri","Apart Prada Menteng, Indonesia"
2023-02-19 14:18:28+00:00,ElangUtama2,@jokowi @Kiyai_MarufAmin @bamsoet10 @puanmaharani_ri @DPR_RI  https://t.co/IShiaHd3FM,South East Asia
2023-02-19 13:56:11+00:00,Nandoreda123,@mku_manis @mohmahfudmd @jokowi @mohmahfudmd @KemensetnegRI @puanmaharani_ri @DPR_RI @KPK_RI @NarasiNewsroom @NajwaShihab @AimanWitjaksono,
2023-02-19 13:49:11+00:00,dian_e_,"@erickthohir keren pak,... jgn lupa mbak @puanmaharani_ri for president ya pak,... anda wakilnya. dapat tuh ticket dari mamak mega ...",(bahasa) bukan partisan partai
2023-02-19 13:47:11+00:00,PutraPu24709275,@puanmaharani_ri sip.,
2023-02-19 13:46:47+00:00,PutraPu24709275,@puanmaharani_ri tentunya asik tuh gedungnya.,
2023-02-19 13:46:00+00:00,PutraPu24709275,@puanmaharani_ri banggsa produk Indonesia.,
2023-02-19 13:45:14+00:00,PutraPu24709275,@puanmaharani_ri @kamiidea @HGLhouse keren.,
2023-02-19 13:44:45+00:00,PutraPu24709275,@puanmaharani_ri @nyfw keren.,
2023-02-19 13:44:24+00:00,PutraPu24709275,@puanmaharani_ri semoga dg memperingati Isra' Mi'raj kita dpt meneladani Rasulloh SAW. aamin.,
2023-02-19 13:31:47+00:00,HasanLind2,@puanmaharani_ri Selamat Isra' miraj 1444 H.,
2023-02-19 12:22:34+00:00,KDien24,"@geloraco Ya, Sebelum Bicara yang Besar2 Sebaiknya Tuntaskan dulu Hal2 Mendasar &amp; Juga Pemikiran, Ucapan dan Perbuatan Mestilah Sejalan Buk @puanmaharani_ri  Bilang, Mungkin Itu Cukup Bawa Bangsa ini Mandiri, Gemilang dan Terbilang dlm Pengelolaan SDA/SDM yg Di Karunia kan Tuhan Maha Esa",
2023-02-19 12:09:17+00:00,alamteGarr,WORKLIFE BALANCE ( Kemampuan seseorang dalam menyeimbangkan tanggungjawabnya dalam pekerjaan dan hal yang tidak berkaitan dengan pekerjaan ) Setuju mbak @puanmaharani_ri !,"DKI Jakarta, Indonesia"
2023-02-19 12:05:51+00:00,alamteGarr,"Saya tidak bermaksud peyoratif atau membela siapapun, probabilitas ibu mbak @puanmaharani_ri beradagium dalam niat yang baik, bila kita menangkap niat baiknya,"" Pengajian seyogyanya membuat seseorang semakin paham, tidak meninggalkan kewajiban &amp; responsible ( tanggung jawabnya )","DKI Jakarta, Indonesia"
2023-02-19 11:37:42+00:00,FaGtng,@AndisBoga @DPR_RI @puanmaharani_ri Typo... Ketua @DPR_RI,
2023-02-19 11:32:28+00:00,arie_nieh,@ekokuntadhi1 Mba @puanmaharani_ri ga hadir kenapa?? Apakah P3 berank fight dengan pidp #PuanMaharani #puanpresiden,"East Borneo, Indonesia"
2023-02-19 11:16:00+00:00,AndisBoga,"@FaGtng @DPR_RI Karena tdk disewa maka mahasewapun diam seribu basa.
Ketua MPR @puanmaharani_ri pun tiada suaranya, pdhl momen bagus utk menaikan elektabilitasnya... https://t.co/DBQhhgeML5",
2023-02-19 11:09:40+00:00,mfthazm,@andrilixx @puanmaharani_ri #SahabatGanjarCiamis,dimana Weh moal bebeja
2023-02-19 10:46:39+00:00,Rahmanaziz04,"@Samuder53291026 @prabowo @aniesbaswedan @puanmaharani_ri Assalamualaikum Merdeka
DPW Republik Sulawesi Selatan",
2023-02-19 10:40:38+00:00,z_soleh,@HeriFirdausas @jokowi @prabowo @mohmahfudmd @titokarnavian_ @KemensosRI @puanmaharani_ri @cakimiNOW ğŸ™ğŸ™ğŸ™,Tazik - Batavia
2023-02-19 09:57:13+00:00,RCikboy,"@Gadisbaw3l Lgsg temui sj ke rmhnya, minta temani mbak @puanmaharani_ri",
2023-02-19 09:46:19+00:00,HeriFirdausas,@z_soleh @jokowi @prabowo @mohmahfudmd @titokarnavian_ @KemensosRI @puanmaharani_ri @cakimiNOW Mantap Ji,"Bogor, Jawa Barat"
2023-02-19 08:49:28+00:00,The_Takank,"@akarkangkung_ @puanmaharani_ri Wah lu ngatain beliau ya?
Nih ambil dlu https://t.co/dOETLPBmWK",Banjarmasin ğŸ˜Œ
2023-02-19 08:48:44+00:00,akarkangkung_,@The_Takank @puanmaharani_ri Brgsk,Hatimu
2023-02-19 08:45:35+00:00,The_Takank,@akarkangkung_ Halo bu @puanmaharani_ri https://t.co/L9UnWliGXC,Banjarmasin ğŸ˜Œ
2023-02-19 08:11:36+00:00,Zayy_Zayy5119,@bumnbersatu @ch_chotimah2 @prabowo @puanmaharani_ri Mundur ya mundur saja- cukup pake alasan â€œlelah/keluarga tentu akan lebih elegan. Byk cakap malah kliatan spt jualan kepedihan dan kebaikan- ujung2nya untuk mnarik simpati. Rakyat kita gampang kasihan- saya prihatinğŸ˜‚,"Jagakarsa, Indonesia"
2023-02-19 07:48:12+00:00,DPN_PETANI,Percepatan Penurunan Angka Stunting Nasional Menuju Generasi Emas Indonesia 2045 - Orbit Indonesia cc:Presiden â¦@jokowiâ© â¦@puanmaharani_riâ© â¦@RioDamardjatiâ© â¦@PDI_Perjuanganâ© â¦@BKKBNofficialâ© â¦@pramonoanungâ©  https://t.co/naXVCo7Y29,"Lebak Bulus, Cilandak, DKI"
2023-02-19 07:06:40+00:00,z_soleh,"Curhatan Para Hansip 
.
@jokowi @prabowo @mohmahfudmd ,@titokarnavian_ @KemensosRI @puanmaharani_ri @cakimiNOW https://t.co/ePZzWqufab",Tazik - Batavia
2023-02-19 07:03:24+00:00,78Soedono,@puanmaharani_ri Cocok bu puan JD presidenğŸ‘,
2023-02-19 07:03:20+00:00,nursam_muhammad,"@ch_chotimah2 @aniesbaswedan @satriohendri @jokowi @PDI_Perjuangan @puanmaharani_ri @ganjarpranowo Berobat, Mbak, biar tidak sakit hati dan tdk sakit otak. Udah betul itu, Mbak Puan jauh lebih baik daripada Ganjar.",
2023-02-19 07:00:54+00:00,Market5tudio,@itsamareguzel Qlo skg gak cukup space nya buat nulis nama pendahulu ..... pea'  otak rezim sekarang ...#brin  @puanmaharani_ri,Paris Van Java - #Indonesia
2023-02-19 06:56:04+00:00,AaHendrik8,Cc @PDI_Perjuangan  @puanmaharani_ri ini nih nasehat dari uni Mardani buat Bu mega â€¦ ğŸ‘‡ğŸ¿,"Kota Bandung, Jawa Barat"
2023-02-19 06:44:11+00:00,SofyanY27225101,@puanmaharani_ri Amiin yarobball allamiin ğŸŒŸğŸŒŸğŸŒŸğŸŒŸ,
2023-02-19 06:41:22+00:00,11kopigila,"@puanmaharani_ri Maaf beribu maaf bu puan tolong tanya nenek mega, nenek mega pernah ikut pengajian?? 
kalau pernah apa bu puan dulu terlantar????

Belum pernah??? ya wajarlah kalau ngomong gitu. https://t.co/b4L99pNQlQ",Ambon
2023-02-19 06:13:25+00:00,alamdip22,@KompasTV @jokowi @susipudjiastuti @RamliRizal @Kemendag @kementan @CNNIndonesia @cnbcindonesia @kompascom @puanmaharani_ri,
2023-02-19 05:22:40+00:00,DanaPensiun22,"@machrilmachril1 Pesan dikaosnya : BALIKIN UANG MILIK NASABAH (BUMN) JIWASRAYA
Bagus nggak Pak @erickthohir @Jiwasraya ?

Cc @jokowi @mohmahfudmd @puanmaharani_ri @AryaSinulingga @Kiyai_MarufAmin @rahayupuspa7 @ojkindonesia @KSPgoid",
2023-02-19 05:01:54+00:00,Afgan772,"@Yusrilihza_Mhd Bung Yusril Sayap baitul mukminin @PDI_Perjuangan fungsinya apa ya @puanmaharani_ri @ganjarpranowo @zuhairimisrawi ??
Ibu bangsa mbok ya diajak dan dikasih tau dikit2 manfaat dan barokah pengajian
Berarti benar apa yang pernah disebutin cak Nun @emhaainunnadjib",Indonesia
2023-02-19 04:59:49+00:00,Afgan772,"@Hilmi28 Sayap baitul mukminin @PDI_Perjuangan fungsinya apa ya @puanmaharani_ri @ganjarpranowo @zuhairimisrawi ??
Ibu bangsa mbok ya diajak dan dikasih tau dikit2 manfaat dan barokah pengajian",Indonesia
2023-02-19 04:49:48+00:00,aiz_haryanto,"@abjadbiru @keuangannews_id @puanmaharani_ri Hanya saja, Megawati menyarankan dan meminta agar para ibu-ibu ini tetap mengutamakan keluarga, terutama dalam mengurus anak...https://t.co/7L5A9UTCPR",jakarta
2023-02-19 04:48:27+00:00,aiz_haryanto,"@abjadbiru @keuangannews_id @puanmaharani_ri Jangan terkecoh dengan judul saja,itu propaganda KADRUN,Kendati merasa heran, Megawati dalam pernyataan selanjutnya mengatakan bahwa sebenarnya dirinya tidak bermaksud untuk melarang ibu-ibu mengikuti pengajian. Sebab, dirinya juga pernah ikut pengajian.",jakarta
2023-02-19 04:48:05+00:00,qwrtpsdfgh,"@brin_watch @jokowi @msaid_didu @fadlizon @pakmul63 @SartonoHutomo @puanmaharani_ri @PartaiSocmed @mazzini_gsp Lembaga yg tidak terlihat faedahnya buat rakyat.
Itu orang cengengesan guna menutup kegundahan dan rasa malu.","Lembang, Indonesia"
2023-02-19 04:45:24+00:00,AldainSatu,@dea29808 @AurelTritania @puanmaharani_ri Ridho ilahi cinta akan negeri dan menjunjung tinggi nilai keagamaan,
2023-02-19 04:44:37+00:00,AldainSatu,@ely163535 @AurelTritania @puanmaharani_ri Semoga Allah selalu memberikan kita jalan yang lurus selurus-lurusnya,
2023-02-19 04:44:08+00:00,AldainSatu,@ayukhanny @AurelTritania @puanmaharani_ri Jangan bicara kan tentang yang lain hal sebelum memulai dari iman dak takwa,
2023-02-19 04:43:27+00:00,AldainSatu,@muhammadd_deni @AurelTritania @puanmaharani_ri Teladan akan kimananan adalah pertanda bahwa keadilan akan tetap tegak,
2023-02-19 04:42:43+00:00,AldainSatu,@PertamaPpratama @AurelTritania @puanmaharani_ri Sebagai manusia yang berfikir kita harus terus ingat kepada sang pencipta,
2023-02-19 04:41:28+00:00,AldainSatu,@AurelTritania @puanmaharani_ri Mari kita senantiasa merestorasi diri dengan meneladani akhlak mulia Nabi Muhammad SAW.,
2023-02-19 04:41:11+00:00,AldainSatu,"@rauliamawati @puanmaharani_ri Di momen yang istimewa ini, semoga kita bisa semakin mengokohkan iman dan taqwa kepada Allah SWT.",
2023-02-19 04:40:38+00:00,AldainSatu,@yhendarsyah @puanmaharani_ri Selamat memperingati Isra Miraj 2023 untuk kaum muslimin semuanya. Semoga kita lebih lagi dan bisa mengikuti sunnah Rasulullah SAW.,
2023-02-19 04:40:18+00:00,AldainSatu,@puanmaharani_ri Semoga momen Isra Miraj bisa memperkuat iman dan amalan kita dalam melaksanakan kewajiban wajib Allah SWT sebagai umat Islam untuk salat wajib 5 waktu.,
2023-02-19 04:39:21+00:00,AldainSatu,@yhendarsyah @puanmaharani_ri Mari manfaatkan momen ini untuk lebih mendekatkan diri kepada Allah SWT.,
2023-02-19 04:38:39+00:00,AldainSatu,@puanmaharani_ri Semoga diberikan perlindungan dari yang maykuasa atas apa ya direncanakan Bu,
2023-02-19 04:36:04+00:00,BillySembiring9,CC @DPR_RI @mprgoid @officialMKRI @MahkamahAgung @mohmahfudmd @Dr_Moeldoko @corbuzier @bamsoetchannel @PDI_Perjuangan @megainstitute @puanmaharani_ri @erickthohir @ganjarpranowo @basuki_btp @gibran_tweet @bobbynasution_ @kaesangp @jokowi,
2023-02-19 04:33:10+00:00,Hulk_SlaluHijau,"@abjadbiru @keuangannews_id @puanmaharani_ri Pertanyaan nya bukan itu, apakah ibunya mbk beragama??","JAKARTA SELATAN, DKI Jakarta"
2023-02-19 04:32:15+00:00,qwrtpsdfgh,"@Hilmi28 Kasih paham bang, semoga @puanmaharani_ri berkenan menyampaikan hal ini kepada beliau agar beliau mau menge......(mic mati)","Lembang, Indonesia"
2023-02-19 04:29:18+00:00,MarufMDJ,"@Bekan_Kutoanyar Info bagus buat Bu @puanmaharani_ri  nih , biar disampaiin ke Emaknya.
Cc
1. Bp @YaqutCQoumas
2. Bp @cholilnafis",
2023-02-19 04:23:28+00:00,ElangUtama2,"@jokowi @puanmaharani_ri @officialMKRI Pls do simply voluntarily RESIGN, should your gentlemen decline to receive Public Complaints PLEASE. Pls note your siblings Food &amp; Beverages &amp; Others are PAID by the people [pls stop any imbecility]",South East Asia
2023-02-19 04:14:48+00:00,MarufMDJ,"@Hilmi28 Info bagus nih , biar Bu @puanmaharani_ri  ngasih tahu Emaknya nih",
2023-02-19 04:03:21+00:00,abjadbiru,"@keuangannews_id Mbak @puanmaharani_ri apakah ibu Anda tidak pernah ikut pengajian?
Jika tidak, kami memaklumi. Karena tidak pernah ikut pengajian, mungkin jadi tidak tau suasananya.
Jika pernah, saya sarankan Ibu Anda untuk Istiqomah agar tsaqofah Islam-nya semakin dalam.",Jakarta Capital Region
2023-02-19 03:59:42+00:00,GpmnMedia,"@P3nulis_alam1_ @ChangeOrg_ID @puanmaharani_ri @budimandjatmiko @Masinton @ariabima99 @pramonoanung @LaolyYasonna 
Apa Motif Sumatera Barat Hancurkan Rumah Bung Karno.Padahal Mbak Puan Maharani Masih Trah Minang ?",Indonesia
2023-02-19 03:35:03+00:00,Komarud93071791,"@puanmaharani_ri Rosululloh sebagai utusan-Nya selalu menggelorakan kehidupan sederhana sehingga manusia hidup apa adanya sesuai kemampuan dari pada-Nya.

Sehingga hidup tanpa berhutang apa lagi pada rentenir musuh dari semua manusia.

Kurangi hutang agar hidup terbebas dari manusia durhaka !",
2023-02-19 03:30:54+00:00,tadanamasaya,"@GumamPusat @brin_watch @jokowi @KSPgoid @msaid_didu @fadlizon @gibran_tweet @aniesbaswedan @SartonoHutomo @Suharso_M @mohmahfudmd @pakmul63 @Pak_JK @puanmaharani_ri @MataNajwa @NajwaShihab Spertinya emg perlu di introgasi sama kk @NajwaShihab @MataNajwa, supaya kelihatan jujur  atau tidaknya si lth iniğŸ˜€ğŸ˜€ğŸ˜€ğŸ˜€",
2023-02-19 03:19:06+00:00,twprabowo,"@keuangannews_id Kalau cara kerja dan cara pikir di @KemenBUMN  spt ini, sebaiknya segera diganti saja pejabat2nya. Ini mah mental tempe ""menjual"" bangsa dan negara. Mohon perhatiannya Pak/Ibu @jokowi @erickthohir @DPR_RI @puanmaharani_ri","Bogor, Jawa Barat"
2023-02-19 03:10:30+00:00,danu_budiyono,"@bumnbersatu @ch_chotimah2 @prabowo @puanmaharani_ri Cengeng aja sih itu si lucky, krna pasti paham dan tahu betul apa yg akan dilakukan sbgai Wabup, apa yg didapat, haji fasiltas dll. Politisi cengeng nangisan..",
2023-02-19 03:07:41+00:00,fatcat01012001,@brin_watch @jokowi @KSPgoid @msaid_didu @fadlizon @gibran_tweet @aniesbaswedan @SartonoHutomo @Suharso_M @mohmahfudmd @pakmul63 @Pak_JK @puanmaharani_ri Kemenkeu dan bappenas jg ogah nambah anggaran BRIN di 2023. Tidak ada arah yg jelas kok. Ini yg disebut DPR gagal konsolidasi anggaran. Terendah dlm sejarah. Klarifikasi BRIN seolah melempar masalah ke pihak lain padahal tidak menjawab substansi. Bola panasnya memang di BRIN.,
2023-02-19 03:01:04+00:00,TheUncleDee,"Inget ya, 
Semua Yang dateng kesini atas dasar Sukarela bukan KARENA ada yg bagi-bagi sembako..

Karena yg suka bagi bagi sembako, Kalau KORUPSI Gila-gilaan..

https://t.co/LugrtPOB6R

@aniesbaswedan 
@ganjarpranowo 
@puanmaharani_ri 
@PDI_Perjuangan 
@NasDem",
2023-02-19 03:00:06+00:00,bumnbersatu,@AntoeniusH @ch_chotimah2 @prabowo @puanmaharani_ri Waduh.. Larange black label iku.. Ngombe dawet wae mas,KPK
2023-02-19 02:25:06+00:00,qwrtpsdfgh,"@DrEvaChaniago Apakah benar bu mega pernah ikut pengajian?
Atau apakah mungkin ibu ini begini karena tidak ada yg ngajak beliau ke pengajian?
Mari tanyakan ke @puanmaharani_ri","Lembang, Indonesia"
2023-02-19 02:23:47+00:00,Hendrikorachman,"Khusus @Kemhan_RI pk @prabowo dan @DivHumas_Polri pk @ListyoSigitP,sumber tdk bayar pajak krn suka selingkuh.Kita no 2 se asia setelah thailant,SDA kita byk dicuri krn byk selingkuh aparat keamanan
Cc @jokowi @mohmahfudmd @puanmaharani_ri @AryaSinulingga @erickthohir @RamliRizal https://t.co/avFanKZRa3",
2023-02-19 02:15:52+00:00,wawantotot90,@puanmaharani_ri bukannya teladan ibu puan dan ibu mega itu Ir.Soekarno ya?,pantura Jabar - Jabodebek pp
2023-02-19 02:14:09+00:00,2ponakan,@DrEvaChaniago Mari saling mengingatkan bu @puanmaharani_ri  takutnya terjadi salah paham,Indonesia - West Java
2023-02-19 01:58:51+00:00,SadatMart,"@puanmaharani_ri emak lu puan, pliz dech..... Wakakakaka",
2023-02-19 01:46:11+00:00,fatcat01012001,"@brin_watch @jokowi @KSPgoid @msaid_didu @fadlizon @gibran_tweet @aniesbaswedan @SartonoHutomo @Suharso_M @mohmahfudmd @pakmul63 @Pak_JK @puanmaharani_ri Per sept 2022, target dan realisasi jomplang. Tdk direvisi jg. Ya tdk salah kalau DPR nagih. Klarifikasi isinya menyalahkan sana sini. Padahal yg salah ya perencanaan yg acak adut. Terjadi di semua aspek. Eksekusi dulu nanti tinggal salahkan pihak lain. https://t.co/O8YznepZMP",
2023-02-19 01:45:13+00:00,HaikhSmartikh,@puanmaharani_ri https://t.co/Y9uOXKpLxy,DKI Jakarta
2023-02-19 01:44:00+00:00,cumaJamal,@ronavioleta @puanmaharani_ri sambil ingetin... semoga tetap istikomah ngejalanin oleh2 Isro' Mi'roj.... &amp; tetep ngaji dong... biar ada yg bilang buat apa sih ngaji..ğŸ™,
2023-02-19 01:43:21+00:00,HaikhSmartikh,"Mbak @puanmaharani_ri , bisa gak dinasihati Ibunya pensiun aja dari dunia politik, atau at least jangan boleh pidato lagi. Beliau memang salah satu wanita berpengaruh di Indonesia, rekam jejak melawan orba keren. Tapi maaf, makin sepuh makin megalomania Mbak.",DKI Jakarta
2023-02-19 01:24:46+00:00,4rianto87,"@fxnetizen @tvOneNews @jokowi 
@mohmahfudmd 
 Presiden yang dari pdi p kah? Maksudnya.... 
@puanmaharani_ri",
2023-02-19 01:13:43+00:00,luluksaru251,"@AdnanAgam1 @puanmaharani_ri amiin ya allah,,semoga di tahun ini hidup kita terus bertambah berkah,,",
2023-02-19 01:12:49+00:00,luluksaru251,"@LuluFebbb @puanmaharani_ri Waktu terus berjalan kk,,jadi enggak kerasa",
2023-02-19 01:11:48+00:00,luluksaru251,@novylumanauw @puanmaharani_ri Berkah dan sukses selalu mbak puan,
2023-02-19 01:10:30+00:00,luluksaru251,"@ayukhanny @puanmaharani_ri amiin,,semoga perjalanan ku penuh dng kesabaran dan ketulusan",
2023-02-19 01:08:59+00:00,luluksaru251,@Safitridede1 @puanmaharani_ri bismilah mbak puan the next presiden di 2024,
2023-02-19 00:46:11+00:00,NazarRizky17,@Boediantar4 Bgmn @puanmaharani_ri adakah dikau pikirkan ini?ğŸ˜ª,KulonUjung
2023-02-19 00:45:17+00:00,luluksaru251,"@JohanSulistyo7 @puanmaharani_ri bermunajab sm AllaH,,minta ampun kepada AllaH,,dan insyaallah meningkatkan beribadah",
2023-02-19 00:43:29+00:00,luluksaru251,@SinegerA @puanmaharani_ri amin allhuma amin ya robb,
2023-02-19 00:42:55+00:00,luluksaru251,@PertamaPpratama @puanmaharani_ri jangan lupa bersyukur kepada AllaH SWT,
2023-02-19 00:42:00+00:00,luluksaru251,"@RitasariiSari @puanmaharani_ri Bismilah,,untk belajar terus meneladani akhlak beliau nabi besar Muhamad SAW",
2023-02-19 00:41:10+00:00,luluksaru251,@muhammadd_deni @puanmaharani_ri menjadikan panutan Sunah Rosulullah SAW,
2023-02-19 00:40:36+00:00,luluksaru251,@stephaneioi @puanmaharani_ri banyak bershalawat kpd nabi agar hati tenang,
2023-02-19 00:39:37+00:00,luluksaru251,@yhendarsyah @puanmaharani_ri Kedamaian pada islam dan negriku,
2023-02-19 00:37:59+00:00,luluksaru251,@rauliamawati @puanmaharani_ri lebih khusuk dalam beribadah kepada AllaH SWT,
2023-02-19 00:37:52+00:00,ronavioleta,@abi_hasna @puanmaharani_ri Super...,
2023-02-19 00:37:01+00:00,luluksaru251,@AurelTritania @puanmaharani_ri Penuh hikmah dan Rahmat untuk umat muslimin di dunia,
2023-02-19 00:34:48+00:00,luluksaru251,@puanmaharani_ri Hidup akan tenang jika ibadah kita kuat,
2023-02-19 00:31:47+00:00,AfifahKirana2,"@AurelTritania @artisindo8 @puanmaharani_ri Do'a,,iman dan ketaqwaan",
2023-02-19 00:30:47+00:00,AfifahKirana2,@KynanPutri4 @JohanSulistyo7 @puanmaharani_ri Tenang dalam menjalani kehidupan sehari hari,
2023-02-19 00:30:47+00:00,AfifahKirana2,@JohanSulistyo7 @puanmaharani_ri semangat untuk terus meningkatkannya,
2023-02-19 00:30:47+00:00,AfifahKirana2,@artisindo8 @puanmaharani_ri Semua tidak kepedulian orang orang segera di hapuskan,
2023-02-19 00:25:31+00:00,AfifahKirana2,@stephaneioi @puanmaharani_ri Butiran dosa yg tak terhingga,
2023-02-19 00:24:49+00:00,AfifahKirana2,@muhammadd_deni @puanmaharani_ri Jadikan shalat 5 waktu pedoman hidup dan tiang agama yg sekuat kuatnya,
2023-02-19 00:24:00+00:00,AfifahKirana2,@AurelTritania @puanmaharani_ri ada Hikmah dan Rahmat umat muslim,
2023-02-19 00:23:03+00:00,AfifahKirana2,@rauliamawati @puanmaharani_ri Lebih taat dalam beribadah,
2023-02-19 00:22:17+00:00,AfifahKirana2,"@yhendarsyah @puanmaharani_ri amiin,,mempersatukan umat islam dunia",
2023-02-19 00:21:30+00:00,AfifahKirana2,"@puanmaharani_ri Insyaallah setelah Isra Mi'raj ini,,umat muslim makin mempersatukan Ukhuwah islamiyah",
2023-02-19 00:17:02+00:00,KynanPutri4,@SinegerA @puanmaharani_ri Amiin ya allah,
2023-02-19 00:16:18+00:00,KynanPutri4,@JohanSulistyo7 @puanmaharani_ri Insyaallah bisa di tingkatkan lagi ibadahnya biar hati bisa tenang,
2023-02-19 00:15:36+00:00,KynanPutri4,@PertamaPpratama @puanmaharani_ri Bismillah menjalani hidup lebih positif lagi,
2023-02-19 00:14:48+00:00,KynanPutri4,"@RitasariiSari @puanmaharani_ri Amiin,,Semoga kita bisa meneladani dan mengikuti jejak Rosulullah SAW",
2023-02-19 00:13:59+00:00,KynanPutri4,@stephaneioi @puanmaharani_ri Banyak2 istighfar kakk,
2023-02-19 00:13:20+00:00,KynanPutri4,@muhammadd_deni @puanmaharani_ri Kejujuran dan kesabaran kunci dr kehidupan,
2023-02-19 00:12:40+00:00,KynanPutri4,@AurelTritania @puanmaharani_ri di rahmatin berkah di dunia,
2023-02-19 00:11:57+00:00,KynanPutri4,@rauliamawati @puanmaharani_ri Lebih giat dalam beribadah,
2023-02-19 00:10:22+00:00,KynanPutri4,"@yhendarsyah @puanmaharani_ri Semoga kedamaian menyertai negriku dan dunia,,amiin",
2023-02-19 00:02:22+00:00,KynanPutri4,"@puanmaharani_ri Selamat hari isra Mi'raj,,jadikan moment ini sebagai salah satu di antara pelecut smemangat guna mempersatukan umat Islam di dunia",
2023-02-18 23:35:49+00:00,Funiculifunicu5,@brin_watch @msaid_didu @jokowi @KSPgoid @fadlizon @gibran_tweet @aniesbaswedan @SartonoHutomo @Suharso_M @mohmahfudmd @pakmul63 @Pak_JK @puanmaharani_ri Kok pingin meroket...piye ki?,"Tanjung Priok, Indonesia"
2023-02-18 23:26:09+00:00,abi_hasna,"@ronavioleta @puanmaharani_ri Seandainya ibu itu ikut pengajian, terus menggerakkan anak buahnya untuk mengikuti pengajian .....

Dahsyat",indonesia
2023-02-18 23:13:18+00:00,yforyayas,@nmapsran @puanmaharani_ri ğŸ˜«,jkt
2023-02-18 22:58:00+00:00,AdnanAgam1,@LuluFebbb @puanmaharani_ri Waktu terus berjalan,
2023-02-18 22:57:13+00:00,AdnanAgam1,"@TiaraResmi00 @puanmaharani_ri Tenang,,lebaran sebentar lagi kok",
2023-02-18 22:56:23+00:00,AdnanAgam1,@DedigDedigt @puanmaharani_ri Menjalankan sunah Rosulullah dalam kehidupan sehari-hari,
2023-02-18 22:55:40+00:00,AdnanAgam1,@FreyaFreeea @puanmaharani_ri Allhuma sholli ala sayyidina muhamad,
2023-02-18 22:54:04+00:00,AdnanAgam1,@RitasariiSari @puanmaharani_ri Meneladani akhlak mulia beliau dan mengikuti jejak kebaikannya,
2023-02-18 22:46:09+00:00,AdnanAgam1,@artisindo8 @puanmaharani_ri Tak perlu janji kakak yang penting Bukti sekarang ini,
2023-02-18 22:45:05+00:00,AdnanAgam1,@AurelTritania @puanmaharani_ri semoga kita selalu dalam rahmatan lil alamin dan selalu dlm lindungan AllaH SWT,
2023-02-18 22:44:17+00:00,mnajmytsss,"Ini nenek nenek satu lagi diazab kayanya, omongan sama gaya ngomongnya kaya orang putus urat saraf. @puanmaharani_ri coba  diurus bu, nanti tetiba struk kan repot apalagi depan kamera gini, dijadiin meme kan lucu banget pasti.",somewhere in paradise
2023-02-18 22:43:00+00:00,AdnanAgam1,@yhendarsyah @puanmaharani_ri Kedamaian untuk seluruh umat muslim sedunia,
2023-02-18 22:42:24+00:00,AdnanAgam1,@JohanSulistyo7 @puanmaharani_ri Taubatan Nasuha / taubat yg sungguh-sungguh agar tak menyesal di kemudian hari,
2023-02-18 22:40:51+00:00,AdnanAgam1,@puanmaharani_ri Selamat memperingati Isra Mi'raj 1444 Hijriah untk umat muslim sedunia,
2023-02-18 22:38:59+00:00,dea29808,@SinegerA @puanmaharani_ri Amiin ya allah ya robb,
2023-02-18 22:38:13+00:00,dea29808,"@JohanSulistyo7 @puanmaharani_ri tingkatkan lagi kk ibadahnya,,kk pasti bisa,,yakinilah",
2023-02-18 22:36:52+00:00,dea29808,@PertamaPpratama @puanmaharani_ri Pemimpin yg menuntun kita dari jalan kegelapan menuju jalan yg cahayanya terang benderang,
2023-02-18 22:35:40+00:00,dea29808,@RitasariiSari @puanmaharani_ri Nabi Muhammad SAW menjadi suri tauladan kita  dlm keseharian,
2023-02-18 22:34:36+00:00,dea29808,@stephaneioi @puanmaharani_ri Taubat Nasuha,
2023-02-18 22:33:52+00:00,ronavioleta,"Bakalan ketagihan yaaa...
Dengan ikut pengajian di selaÂ² nunggu anak sekolah, bisa nge charge iman dan nambah ilmu....jadi ga bete dg urusan rumah dan anak terus. Malah tambah semangat utk memperbaiki diri menjadi ibu dan istri yg baik.
Cc ke mbok ya mb @puanmaharani_ri",
2023-02-18 22:30:44+00:00,dea29808,@muhammadd_deni @puanmaharani_ri karena Shalat adalah tiang agama yg kokoh,
2023-02-18 22:30:33+00:00,Orangbiasaajeh,@cholilnafis @puanmaharani_ri sampein neh ke emak lu,
2023-02-18 22:30:03+00:00,dea29808,@AurelTritania @puanmaharani_ri Rahmatan lil alamin,
2023-02-18 22:29:29+00:00,dea29808,@rauliamawati @puanmaharani_ri Yok kita tingkatkan ibadah nya,
2023-02-18 22:28:55+00:00,dea29808,@yhendarsyah @puanmaharani_ri Damai lah terus negriku,
2023-02-18 22:22:21+00:00,nmapsran,"Matahari pagi ini sangat cantik, seperti senyumanmu kepadaku saat itu 
@puanmaharani_ri https://t.co/BZWMhlBuec","Ohio, USA"
2023-02-18 22:19:54+00:00,dea29808,@puanmaharani_ri Semoga setiap langkah kita selalu meneladani Rasulullah SAW,
2023-02-18 21:58:39+00:00,Zia1111,@ayukhanny @puanmaharani_ri Aamiin ya rabbal alamin,
2023-02-18 21:57:03+00:00,Zia1111,@BellaB6225355 @puanmaharani_ri Semoga berkah untuk umat muslim,
2023-02-18 21:54:29+00:00,Zia1111,@Safitridede1 @puanmaharani_ri Bismillah presiden kita 2024 Bu Puan Maharani,
2023-02-18 21:53:23+00:00,Zia1111,@DedigDedigt @puanmaharani_ri Semoga keindahan bulan Rajab tertanam dalam hati dan benak kita,
2023-02-18 21:51:41+00:00,Zia1111,@RitasariiSari @puanmaharani_ri Semoga momen ini dapat mengingatkan kita untuk meningkatkan habluminanas dan habluminAllah,
2023-02-18 21:51:16+00:00,titusthok,@yaniarsim Maaf beribu maaf mohon Bu @puanmaharani_ri ibu nya diingatkan jangan suka cari musuh,
2023-02-18 21:49:39+00:00,Zia1111,@qaidu3 @puanmaharani_ri Allah SWT mahal pemberi pengampun pada hambaNya,
2023-02-18 21:48:26+00:00,Zia1111,@Anih_idayah @puanmaharani_ri Berkah slalu buat kaum muslim,
2023-02-18 21:03:56+00:00,Ahmadbsm3,"Ini org yg gk suka pengajian,mangkanya suka buat kerusakan dan smg tdk dibiarkan berlarut2 @puanmaharani_ri @mohmahfudmd @_TNIAL_ @Puspen_TNI @Cakra_Kostrad",
2023-02-18 18:46:31+00:00,r_cendolin,Ketika isi otak dan isi dompet tidak sinkron seperti inilah yg terjadi @gibran_tweet @jokowi @mardigu024 @rockygerung @msaid_didu @puanmaharani_ri @aniesbaswedan @kaesangp @ridwankamil @DokterTifa https://t.co/TD0OU3tJCZ,
2023-02-18 17:42:03+00:00,wangkyberdikari,"@AurelTritania @puanmaharani_ri Dalam menjalani kehidupan, bersemangatlah lakukan yang terbaik, terus menerus dan teratur seperti halnya shalat 5 waktu",salam satu jiwa
2023-02-18 17:41:50+00:00,untukmbak_puan,dukung mbak puan menuju RI 1 #tetappuan #puanmaharani #puanmaharaniri @puanmaharaniri @pdiperjuangan https://t.co/XrBsDvheEf,"Kota Bandung, Jawa Barat"
2023-02-18 17:38:27+00:00,Zia1111,@dita16577 @puanmaharani_ri Selamat memperingati Isra Miraj 1444 H. Marilah kita memohon berkah dan pengampunan dari Allah SWT,
2023-02-18 17:36:37+00:00,Zia1111,@yhendarsyah @puanmaharani_ri Cinta kedamaian,
2023-02-18 17:36:00+00:00,Zia1111,@rauliamawati @puanmaharani_ri Semoga kita semua lebih taat lagi dalam melaksanakan shalat,
2023-02-18 17:34:19+00:00,Zia1111,@AurelTritania @puanmaharani_ri Semoga kita dalam lindungan Nya,
2023-02-18 17:33:02+00:00,Zia1111,@puanmaharani_ri Isra Miraj adalah perjalanan satu malam Nabi Muhammad SAW,
2023-02-18 17:31:20+00:00,tri910721,@qaidu3 @AsgarMerah @puanmaharani_ri Keagungan dan kekuasaan Nya,
2023-02-18 17:29:24+00:00,tri910721,@muhammadd_deni @marufali6797 @puanmaharani_ri Aamiin semoga kita termasuk penghuni surga,
2023-02-18 17:28:36+00:00,tri910721,@mariookam395 @puanmaharani_ri Selamat hari raya isra mi'raj Bu Puan,
2023-02-18 17:26:24+00:00,tri910721,@FreyaFreeea @puanmaharani_ri Mari kita memuji perjalanan Nabi Muhammad dan mengambil inspirasi dariNya,
2023-02-18 17:22:13+00:00,masmasaj,@cubblez @puanmaharani_ri Idola ak itu,
2023-02-18 17:17:45+00:00,tri910721,@dita16577 @puanmaharani_ri Selamat hari isra mi'raj juga,
2023-02-18 17:16:38+00:00,tri910721,@acikcika6 @puanmaharani_ri Semoga kita semua menjadi hambaNya yang selalu bersyukur,
2023-02-18 17:14:21+00:00,tri910721,@Anih_idayah @puanmaharani_ri Selamat hari libur bersama keluarga,
2023-02-18 17:12:20+00:00,tri910721,@PertamaPpratama @puanmaharani_ri Bersyukur cara kita berterima kasih kepada sang Pencipta,
2023-02-18 17:09:24+00:00,tri910721,@DedekIak @RitasariiSari @puanmaharani_ri untuk kita memperbaiki ibadah kepada Allah SWT,
2023-02-18 17:07:48+00:00,tri910721,@RitasariiSari @puanmaharani_ri Aamiin semoga saja kita bisa meneladani akhlak Nabi Muhammad SAW,
2023-02-18 17:05:23+00:00,tri910721,@puanmaharani_ri Sebagai hari istimewa untuk mengenang perjalanan agung Nabi Muhammad saw. Mari kita semua senantiasa berbuat kebaikan,
2023-02-18 17:02:41+00:00,BellaB6225355,"@AyahKami3 @puanmaharani_ri semoga semakin bertambah syukur kita, dan semakin bermanfaat hidup kita untuk orang lain",
2023-02-18 17:01:25+00:00,BellaB6225355,@MitaSitiii @puanmaharani_ri Tetap istiqomah dijalan Allah,
2023-02-18 17:00:15+00:00,BellaB6225355,@KomalaVivie @puanmaharani_ri Perlahan lahan insyaallah kita bisa dan kita mampu,
2023-02-18 16:59:03+00:00,BellaB6225355,@acikcika6 @puanmaharani_ri Isra Miraj mengingatkan betapa Rasulullah sangat menyayangi umatnya hingga saat ini,
2023-02-18 16:57:19+00:00,BellaB6225355,@marufali6797 @puanmaharani_ri menjalani hidup dengan penuh rasa syukur dan keimanan,
2023-02-18 16:55:49+00:00,BellaB6225355,@PdipSolid @puanmaharani_ri Dengan mengucapkan bismillah semoga kita bisa meneladani Nabi Muhammad SAW,
2023-02-18 16:53:17+00:00,BellaB6225355,@dita16577 @puanmaharani_ri Semoga kita semua hidup dalam bersyukur,
2023-02-18 16:51:58+00:00,BellaB6225355,@yhendarsyah @puanmaharani_ri Hidup menjadi trentam bila adanya kedamaian,
2023-02-18 16:49:57+00:00,BellaB6225355,@AurelTritania @puanmaharani_ri tiada kata seindah doa hanya Allah SWT sebaik-baiknya tempat meminta,
2023-02-18 16:46:44+00:00,BellaB6225355,@artisindo8 @puanmaharani_ri Selamat datang bulan mulia,
2023-02-18 16:45:19+00:00,BellaB6225355,@puanmaharani_ri Bulan Rajab bulan Isra Miraj,
2023-02-18 16:34:10+00:00,BDawenk,"@GheaJhanaLie7 @MustamingNanda @PdiperjuanganP @puanmaharani_ri Sipoltak ini Jenis peliharaan yang dilindungi penguasa, jadi agak sulit buat disentuh... 
Tapi bukan gak mungkin",
2023-02-18 16:22:59+00:00,DeniAryo121,@puanmaharani_ri omongan ibu mu lucu.. ga malu apa sm gelar giveaway yg berderet deret spt gerbong kereta..ğŸ˜‚ğŸ˜‚ğŸ¤£ğŸ¤£,
2023-02-18 16:21:32+00:00,dita16577,@artisindo8 @puanmaharani_ri Tanamkan pada diri sendiri untuk saling menyayangi,
2023-02-18 16:19:10+00:00,dita16577,@muhammadd_deni @puanmaharani_ri Dalam hal apa pun kejujuran itu memang penting,
2023-02-18 16:17:55+00:00,dita16577,"@yhendarsyah @puanmaharani_ri Damai di bumi, damai beragama meski berbeda akidah",
2023-02-18 16:12:30+00:00,dita16577,@acikcika6 @AyahKami3 @puanmaharani_ri Semoga berkah selalu melimpahi kita semua,
2023-02-18 16:11:03+00:00,dita16577,@firmaansyah_ari @puanmaharani_ri Mari kita memuji apa yang dilihat Muhammad dan juga tidak lupa memuji makna perjalanannya,
2023-02-18 16:10:41+00:00,Dylan80an,"@puanmaharani_ri 
@PdiperjuanganP
@DPP_PKB
@KetumDPPPAN 
@golkar_id 
@Fraksi_Gerindra 
@NasDem 
@PDemokrat 
@PKSejahtera https://t.co/FpBSBAsbSg",
2023-02-18 16:08:13+00:00,ElangUtama2,@jokowi @puanmaharani_ri @bamsoet10 @Puspen_TNI Any creative excuses as usually be accomplished by those who are directly ACCOUNTABLE FOR?,South East Asia
2023-02-18 16:05:23+00:00,dita16577,@muhammadd_deni @puanmaharani_ri Makna dari Isra mi'raj tentang kesabaran yang luar biasa yang dimiliki Nabi Muhammad SAW,
2023-02-18 15:51:34+00:00,nikki59244613,@bumnbersatu @ch_chotimah2 @prabowo @puanmaharani_ri PÃ tut diacungi jempol sangat langka org indo esia mau ngundurkan diri....ini adalah yg ditunggu pejabat publik berani mengundurkan diri jika merasa tdk bisa memenuhi janji2 kampanye nya..,
2023-02-18 14:55:29+00:00,dita16577,@qaidu3 @AsgarMerah @puanmaharani_ri Isra Miraj adalah salah satu peristiwa penting dalam sejarah Islam,
2023-02-18 14:51:43+00:00,FranTonga,@bumnbersatu @ch_chotimah2 @prabowo @puanmaharani_ri Cengeng,
2023-02-18 14:51:14+00:00,Itsmekinannn,@tanyakanrl W sama kaya bu @puanmaharani_ri sama @DPRIAN_ ğŸ˜­ğŸ™,
2023-02-18 14:50:16+00:00,dita16577,@DedigDedigt @muhammadd_deni @puanmaharani_ri Isra Miraj adalah salah satu peristiwa penting dalam sejarah Islam,
2023-02-18 14:46:43+00:00,dita16577,@RitasariiSari @muhammadd_deni @puanmaharani_ri tetap dan berpendirian kuat walaupun menghadapi berbagai cobaan,
2023-02-18 14:41:29+00:00,MasBroJowoNKRI,@bumnbersatu @ch_chotimah2 @prabowo @puanmaharani_ri Gak jauh2 dari fulus lah..,
2023-02-18 14:40:54+00:00,sahalmunir47,@aniesbaswedan sudah memulai. @ganjarpranowo @cakimiNOW @prabowo @puanmaharani_ri @Fahrihamzah silakan ditanggapi,"Salatiga, Jawa Tengah"
2023-02-18 14:39:55+00:00,dita16577,@AyahKami3 @rauliamawati @puanmaharani_ri Semoga di bulan penuh makna ini dan seterusnya kita dapat menjaga keimanan Islam dan selalu berada dalam lindungan-Nya,
2023-02-18 14:35:51+00:00,dita16577,@AurelTritania @puanmaharani_ri Semoga di bulan penuh makna ini dan seterusnya kita dapat menjaga keimanan Islam dan selalu berada dalam lindungan-Nya,
2023-02-18 14:32:26+00:00,dita16577,@puanmaharani_ri Selamat Isra Miraj saudaraku,
2023-02-18 14:28:16+00:00,ely163535,@ArahanRudi @puanmaharani_ri Isra Miraj menyadarkan kita akan mukjizat yang Allah berikan pada Nabi Muhammad SAW,
2023-02-18 14:27:04+00:00,ely163535,"@KomalaVivie @puanmaharani_ri Selalu jaga shalatmu, Rasulullah telah memperjuangkan ibadah ini untuk seluruh umat muslim yang ada di dunia",
2023-02-18 14:23:38+00:00,ely163535,@qaidu3 @puanmaharani_ri Saling memaafkan salah satu ajaran Nabi Muhammad SAW,
2023-02-18 14:22:25+00:00,ely163535,@ayukhanny @puanmaharani_ri Semoga sikap saling tolong menolong tetap kita jaga,
2023-02-18 14:19:55+00:00,ely163535,@artisindo8 @puanmaharani_ri Islam adalah agama yang penyayang,
2023-02-18 14:18:22+00:00,Veronikaaja01,@acikcika6 @puanmaharani_ri Amin mbak mudah2han ya mbak,
2023-02-18 14:17:45+00:00,ely163535,"@DedigDedigt @puanmaharani_ri Semoga kita selalu mampu menjaga shalat setiap saat, hingga ajal menjemput",
2023-02-18 14:17:44+00:00,Veronikaaja01,@ayukhanny @puanmaharani_ri Semoga kita bisa konsisten bertakwa kepadaNya Amin,
2023-02-18 14:16:48+00:00,Veronikaaja01,@PertamaPpratama @puanmaharani_ri Sma sama bang,
2023-02-18 14:16:38+00:00,ely163535,@DedigDedigt @puanmaharani_ri Mari jadikan hariÂ Isra MirajÂ ini sebagai dorongan bagi kita untuk memperbanyak melakukan amal kebaikan dan beribadah kepada Allah SWT,
2023-02-18 14:16:05+00:00,Veronikaaja01,@Anih_idayah @AndiniRifkia @puanmaharani_ri Apalagi kalo gak pernah solat banyak melakukan dosa merasa bersalah,
2023-02-18 14:15:28+00:00,Veronikaaja01,@stephaneioi @AndiniRifkia @puanmaharani_ri Semua rindu beliau,
2023-02-18 14:15:03+00:00,Veronikaaja01,@AndiniRifkia @puanmaharani_ri Sudah isra miraj semoga bisa lebih baik lagi,
2023-02-18 14:14:14+00:00,Veronikaaja01,@rauliamawati @puanmaharani_ri jaga selalu keimanan kita,
2023-02-18 14:13:37+00:00,ely163535,"@AurelTritania @puanmaharani_ri marilah kita berdoa kepada Yang Maha Kuasa dengan menundukkan kepala dan mengangkat tangan, berdoalah agar selalu diberikan kesehatan dan terlindung dari segala bahaya",
2023-02-18 14:13:34+00:00,Veronikaaja01,@rauliamawati @puanmaharani_ri Momen tepat membmperbaiki diri,
2023-02-18 14:13:21+00:00,devaannaa,@AaHendrik8 @PDI_Perjuangan @puanmaharani_ri rezim koplak.. gagal framing radikul.khilafah akhirnya orang mengaji pu jadi BACOT bego'ğŸ˜‚,"Wakatobi, Sulawesi Tenggara"
2023-02-18 14:12:57+00:00,Veronikaaja01,@puanmaharani_ri Smwoga saja ibu bisa konsisten,
2023-02-18 14:11:44+00:00,anjishope,@yhendarsyah @FreyaFreeea @puanmaharani_ri Amin semoga saja,
2023-02-18 14:11:21+00:00,anjishope,@stephaneioi @FreyaFreeea @puanmaharani_ri Sedih aja lu tetap semangat,
2023-02-18 14:11:02+00:00,ely163535,@AyahKami3 @rauliamawati @puanmaharani_ri Shalat lima waktu fondasi dari takwa kita kepada Allah,
2023-02-18 14:10:52+00:00,anjishope,@KomalaVivie @FreyaFreeea @puanmaharani_ri Iya sudah jelas,
2023-02-18 14:10:28+00:00,anjishope,@FreyaFreeea @puanmaharani_ri Amin semoga kita selalu dilimpahkan berkah dengan bersalawat,
2023-02-18 14:09:39+00:00,anjishope,@TiaraResmi00 @yhendarsyah @puanmaharani_ri Ide apa yg jelas dong,
2023-02-18 14:09:12+00:00,anjishope,@qaidu3 @yhendarsyah @puanmaharani_ri Iy bener banget harus menjaga kedamaian sesama umat antar beragama,
2023-02-18 14:08:57+00:00,ely163535,@AurelTritania @puanmaharani_ri Semoga semua orang mendapatkan kebahagiaan dan kesejahteraan pada peringatan Isra Miraj 2023,
2023-02-18 14:08:19+00:00,anjishope,@acikcika6 @yhendarsyah @puanmaharani_ri Mudah2han ya mbak,
2023-02-18 14:08:06+00:00,zubair_andika,Berjuta juta maaf Mbak @puanmaharani_ri tolong ibu tercinta kita di suruh di rumah saja. Ksian kayaknya terlalu banyak beban di kepala anak Soekarno ini.,
2023-02-18 14:07:42+00:00,anjishope,@qaidu3 @yhendarsyah @puanmaharani_ri Sepakt,
2023-02-18 14:07:34+00:00,ely163535,@puanmaharani_ri Mari perbanyak amalan dan kebaikan sebagaimana yang dicontohkan Nabi Muhammad SAW agar kita menjadi umatnya yang beruntung,
2023-02-18 14:07:27+00:00,anjishope,@rauliamawati @yhendarsyah @puanmaharani_ri Iya bEtul banget,
2023-02-18 14:07:05+00:00,anjishope,@yhendarsyah @puanmaharani_ri Smoga memberikan kedamaian bagi kita semua,
2023-02-18 14:06:41+00:00,anjishope,@puanmaharani_ri Amin bu kita sm2 berdoa ya bu,
2023-02-18 14:05:55+00:00,Alfians090,@muhammadd_deni @artisindo8 @puanmaharani_ri Sngat besar pengrorbanan beliau kepada umatnya kita sngat bersukut kepada Allah,
2023-02-18 14:05:11+00:00,qaidu3,@novylumanauw @puanmaharani_ri Semoga kesuksesan berpihak pada Ibu Puan,
2023-02-18 14:05:07+00:00,Alfians090,@PertamaPpratama @artisindo8 @puanmaharani_ri Semua makluk memuji kebesaran Allah,
2023-02-18 14:04:40+00:00,Alfians090,@AurelTritania @artisindo8 @puanmaharani_ri Amin ya Allah kami memohon kepadamu,
2023-02-18 14:04:31+00:00,qaidu3,@PertamaPpratama @puanmaharani_ri Hidup didunia ini memang harus banyak-banyak bersyukur,
2023-02-18 14:04:22+00:00,Alfians090,@AyahKami3 @artisindo8 @puanmaharani_ri Mashaallah betul banget,
2023-02-18 14:03:58+00:00,Alfians090,@DedigDedigt @artisindo8 @puanmaharani_ri Setuju sekali harus kita sambut dengan bahagia,
2023-02-18 14:03:46+00:00,qaidu3,@Safitridede1 @puanmaharani_ri InsyaAllah presiden RI 2024 Bu Puan Maharani,
2023-02-18 14:03:14+00:00,Alfians090,@yhendarsyah @artisindo8 @puanmaharani_ri Amin ya Allah semoga negeri ini selalu diberikan kedamaian daan kesejateraan,
2023-02-18 14:02:35+00:00,Alfians090,@artisindo8 @puanmaharani_ri Inshaalah,
2023-02-18 14:02:29+00:00,qaidu3,@marufali6797 @puanmaharani_ri mari kita berikan bantuan kepada yang membutuhkan di masyarakat seperti yang dilakukan Rasulullah untuk seluruh umat manusia,
2023-02-18 14:02:05+00:00,Alfians090,@AyahKami3 @AurelTritania @puanmaharani_ri Amin smoga ya dek,
2023-02-18 14:01:37+00:00,qaidu3,@AsgarMerah @puanmaharani_ri Semoga kisah perjalanan Isra Miraj Nabi Muhammad SAW menjadi pengingat kita mengenai kebesaran Allah SWT,
2023-02-18 14:01:36+00:00,Alfians090,@DedigDedigt @AurelTritania @puanmaharani_ri Besar banget bang memang jasa beliau kepada umat nya,
2023-02-18 14:01:01+00:00,Alfians090,@AurelTritania @puanmaharani_ri Ami nsemiga selalu diberikan rahmat,
2023-02-18 14:00:38+00:00,Alfians090,@puanmaharani_ri Selamat hari isra miraj ya bu amin semoga sj bu,
2023-02-18 13:59:59+00:00,Dinaaja124,@qaidu3 @yhendarsyah @puanmaharani_ri Islam cinta damai,
2023-02-18 13:59:41+00:00,Dinaaja124,@qaidu3 @yhendarsyah @puanmaharani_ri Betul se,
2023-02-18 13:59:40+00:00,IhsanDaemon1,@puanmaharani_ri Amin.,"Bogor & Pontianak, Indonesia "
2023-02-18 13:59:22+00:00,Dinaaja124,@KomalaVivie @yhendarsyah @puanmaharani_ri Perdamaian untuk seluruh umat manusia,
2023-02-18 13:58:48+00:00,Dinaaja124,@yhendarsyah @puanmaharani_ri Islam agama pelopor perdamaian dunia,
2023-02-18 13:58:20+00:00,Dinaaja124,@puanmaharani_ri Semoga bisa selalu konsisten ya mbak,
2023-02-18 13:57:58+00:00,qaidu3,@ayukhanny @puanmaharani_ri Selalu berusaha untuk hidup lebih baik lagi,
2023-02-18 13:56:57+00:00,qaidu3,@yhendarsyah @puanmaharani_ri Cinta damai akan membuat hidup jadi tentram,
2023-02-18 13:56:21+00:00,mariookam395,@AyahKami3 @stephaneioi @puanmaharani_ri sangat sulit perjuangan beliau wajib kita sukuri,Palembang
2023-02-18 13:56:15+00:00,qaidu3,@DedigDedigt @puanmaharani_ri Itu yang pasti kita harapkan,
2023-02-18 13:55:02+00:00,qaidu3,@LuluFebbb @puanmaharani_ri Waktu semakin cepat berlalu begitu juga dosa dalam diri ini semakin hari semakin banyak,
2023-02-18 13:54:20+00:00,mariookam395,@Anih_idayah @stephaneioi @puanmaharani_ri Sangat setuju mbak,Palembang
2023-02-18 13:54:08+00:00,mariookam395,@stephaneioi @puanmaharani_ri Iya harus bbanyak bertobat kalo begitu,Palembang
2023-02-18 13:53:56+00:00,qaidu3,@acikcika6 @puanmaharani_ri Diampuni segala dosaÂ² kita,
2023-02-18 13:53:35+00:00,mariookam395,@RitasariiSari @puanmaharani_ri Betul setuju sekali,Palembang
2023-02-18 13:53:15+00:00,mariookam395,@puanmaharani_ri selamat hari isra miraj jg mbak,Palembang
2023-02-18 13:52:53+00:00,mariookam395,@ayukhanny @DedigDedigt @puanmaharani_ri amin semoga saja mbak,Palembang
2023-02-18 13:52:42+00:00,qaidu3,@puanmaharani_ri Pengampunan memberi kita perasaan yang lebih baik,
2023-02-18 13:52:33+00:00,mariookam395,@artisindo8 @DedigDedigt @puanmaharani_ri Penting banget setuju,Palembang
2023-02-18 13:52:17+00:00,mariookam395,@DedigDedigt @puanmaharani_ri semga selalu bisa konsisten amin,Palembang
2023-02-18 13:51:10+00:00,mariookam395,@SinegerA @puanmaharani_ri Amin Allahuma Amin semoga saja,Palembang
2023-02-18 13:50:54+00:00,mariookam395,@rauliamawati @FreyaFreeea @puanmaharani_ri Harus perbanyak tobat,Palembang
2023-02-18 13:50:22+00:00,mariookam395,@FreyaFreeea @puanmaharani_ri Betul semoga Rahmat dan salam selalu tercurahkan kepada Nabi besar kita beserta keluarga dan para sahabat,Palembang
2023-02-18 13:49:20+00:00,mariookam395,@PertamaPpratama @artisindo8 @puanmaharani_ri amin semiga selalu diingatkan Allah agar gak salah melangkah,Palembang
2023-02-18 13:48:40+00:00,mariookam395,@TiaraResmi00 @puanmaharani_ri Pulkam terus,Palembang
2023-02-18 13:48:20+00:00,mariookam395,@AnisaTrianaDew @puanmaharani_ri Sm pengen tobat sudah terlalu bnyak dosa ku,Palembang
2023-02-18 13:48:07+00:00,rauliamawati,@Anih_idayah @puanmaharani_ri di malam minggu lagi,europe
2023-02-18 13:47:55+00:00,mariookam395,@puanmaharani_ri Selamat hari isra miraj jg bu semoga bisa selalu konsisten mengikuti Akhlak Rasulullah Amin,Palembang
2023-02-18 13:47:49+00:00,rauliamawati,@yhendarsyah @puanmaharani_ri sepakat mas,europe
2023-02-18 13:47:29+00:00,rauliamawati,@ArahanRudi @puanmaharani_ri asiap lah ah,europe
2023-02-18 13:47:21+00:00,rauliamawati,@JohanSulistyo7 @puanmaharani_ri yasama dong,europe
2023-02-18 13:47:14+00:00,rauliamawati,@MitaSitiii @puanmaharani_ri gaskan dah ah,europe
2023-02-18 13:47:08+00:00,rauliamawati,@novividiant @puanmaharani_ri iyapp bener,europe
2023-02-18 13:47:00+00:00,rauliamawati,@LuluFebbb @puanmaharani_ri begitu ternyata,europe
2023-02-18 13:46:52+00:00,rauliamawati,@FreyaFreeea @puanmaharani_ri siap kak taubat aja,europe
2023-02-18 13:46:43+00:00,rauliamawati,@stephaneioi @puanmaharani_ri kalau nginget dsa ya sedih,europe
2023-02-18 13:46:32+00:00,rauliamawati,@AsgarMerah @puanmaharani_ri mari menjadi pribadi yang lebih baik,europe
2023-02-18 13:46:19+00:00,rauliamawati,@yhendarsyah @puanmaharani_ri nah betul lah sudah itu,europe
2023-02-18 13:46:09+00:00,rauliamawati,@AurelTritania @puanmaharani_ri wahh komennya bagus,europe
2023-02-18 13:45:46+00:00,KawananOligarki,"Lha @puanmaharani_ri mendadak 
#Kadrun..#SOP pencitraan musim
Pemilu @kompascom @korantempo 
@pikiran_rakyat @jawapos 
@NikkeiAsia @AJEnglish",
2023-02-18 13:44:01+00:00,acikcika6,@marufali6797 @puanmaharani_ri Mari rayakan hari ini dengan saling memaafkan kesalahan,Indonesia
2023-02-18 13:43:06+00:00,KawananOligarki,"Publik sama heran nya
#Kenapa_HarunMasiku di sembunyi kan #PDIP ya ? @jokowi @KPK_RI 
Gak berani dgn status sbg
#Pekerja_PDIP 
Krn akan menyangkut ke Menantu
Mega ? Suami @puanmaharani_ri 
Yg ketua @DPR_RI yg Memberi
#HarunMasiku_UangSuap @KPU_ID 
@KPK_RI atau @Kepolisian_RI https://t.co/kj7QLQSAjm",
2023-02-18 13:42:24+00:00,stephaneioi,@TiaraResmi00 @puanmaharani_ri selamat juga kakak cantik,
2023-02-18 13:42:13+00:00,stephaneioi,@LopinaRKLME @puanmaharani_ri mana mungkin kerasa,
2023-02-18 13:42:02+00:00,stephaneioi,@AnisaTrianaDew @puanmaharani_ri ya jelas dong insyallah berkah,
2023-02-18 13:41:50+00:00,stephaneioi,@AndiniRifkia @puanmaharani_ri siapa yang engga ridnu beliau,
2023-02-18 13:41:38+00:00,stephaneioi,@LuluFebbb @puanmaharani_ri iya kak,
2023-02-18 13:41:30+00:00,stephaneioi,@FreyaFreeea @puanmaharani_ri yallah jadi gini ya sedih,
2023-02-18 13:41:14+00:00,stephaneioi,@MitaSitiii @puanmaharani_ri angkanya bagus,
2023-02-18 13:40:28+00:00,acikcika6,@yhendarsyah @puanmaharani_ri Aamiin kita doakan saja yang terbaik,Indonesia
2023-02-18 13:40:12+00:00,stephaneioi,@rauliamawati @puanmaharani_ri aa ada aja dikau,
2023-02-18 13:40:02+00:00,stephaneioi,@JohanSulistyo7 @puanmaharani_ri tinggal nangis,
2023-02-18 13:39:53+00:00,stephaneioi,@novividiant @puanmaharani_ri sajak atau komentar,
2023-02-18 13:39:38+00:00,stephaneioi,@ArahanRudi @puanmaharani_ri waduhhh ngeri,
2023-02-18 13:39:26+00:00,stephaneioi,@KomalaVivie @puanmaharani_ri mari bersholawat,
2023-02-18 13:38:34+00:00,KomalaVivie,@LopinaRKLME @puanmaharani_ri kenapa kak?,
2023-02-18 13:38:24+00:00,KomalaVivie,@LuluFebbb @puanmaharani_ri nah iya,
2023-02-18 13:38:15+00:00,KomalaVivie,@stephaneioi @puanmaharani_ri kok bisa,
2023-02-18 13:38:06+00:00,KomalaVivie,@MitaSitiii @puanmaharani_ri terus lah berubah manjadi baik,
2023-02-18 13:37:41+00:00,KomalaVivie,@AndiniRifkia @puanmaharani_ri samaaaaaa,
2023-02-18 13:37:28+00:00,KomalaVivie,@FreyaFreeea @puanmaharani_ri kalau memuji ya harus,
2023-02-18 13:37:18+00:00,KomalaVivie,@novividiant @puanmaharani_ri bagus banget kata2nya,
2023-02-18 13:37:06+00:00,KomalaVivie,@ArahanRudi @puanmaharani_ri sepakat juga masalah itu,
2023-02-18 13:36:56+00:00,KomalaVivie,@rauliamawati @puanmaharani_ri amin lah yah,
2023-02-18 13:36:42+00:00,KomalaVivie,@yhendarsyah @puanmaharani_ri kedamaian dan keberkahan,
2023-02-18 13:36:26+00:00,KomalaVivie,@PdipSolid @puanmaharani_ri betul tuh,
2023-02-18 13:36:14+00:00,KomalaVivie,@JohanSulistyo7 @puanmaharani_ri jangan nangis tapi perbaiki,
2023-02-18 13:36:09+00:00,andyang123456,"@puanmaharani_ri mbak puan yg saya hormati, saya pendukung PDIP, mohon ingatkan ke mbak Mega, kurangi berbicara atau menyampaikan narasi yg bisa disalahartikan hingga nama besar PDIP menjadi kurang baik. Contoh ttg ibu2 di pengajian. Ini kan bisa dicounter pihak lain.pliz.",
2023-02-18 13:32:10+00:00,ArahanRudi,@rauliamawati @puanmaharani_ri aminnn semoga yah,"Medan Baru, Indonesia"
2023-02-18 13:32:00+00:00,ArahanRudi,@ayukhanny @puanmaharani_ri iyalah,"Medan Baru, Indonesia"
2023-02-18 13:31:51+00:00,ArahanRudi,@PertamaPpratama @puanmaharani_ri okelah kalau beigut,"Medan Baru, Indonesia"
2023-02-18 13:31:39+00:00,ArahanRudi,@RitasariiSari @puanmaharani_ri harus itu ka,"Medan Baru, Indonesia"
2023-02-18 13:31:30+00:00,ArahanRudi,@JohanSulistyo7 @puanmaharani_ri waduhh,"Medan Baru, Indonesia"
2023-02-18 13:31:19+00:00,ArahanRudi,@muhammadd_deni @puanmaharani_ri selamat buat semuanya,"Medan Baru, Indonesia"
2023-02-18 13:31:07+00:00,ArahanRudi,@AurelTritania @puanmaharani_ri amiinnn insyallah,"Medan Baru, Indonesia"
2023-02-18 13:30:51+00:00,ArahanRudi,@MitaSitiii @puanmaharani_ri yukkk mari deh,"Medan Baru, Indonesia"
2023-02-18 13:30:21+00:00,ArahanRudi,@novividiant @puanmaharani_ri allahuakbar,"Medan Baru, Indonesia"
2023-02-18 13:30:12+00:00,ArahanRudi,@stephaneioi @puanmaharani_ri KENAPA SEDIH KA,"Medan Baru, Indonesia"
2023-02-18 13:29:59+00:00,ArahanRudi,@KomalaVivie @puanmaharani_ri nah iya betul tuh,"Medan Baru, Indonesia"
2023-02-18 13:28:41+00:00,acikcika6,@AyahKami3 @puanmaharani_ri Mempertebal keimanan kita,Indonesia
2023-02-18 13:27:56+00:00,acikcika6,@ArahanRudi @puanmaharani_ri memohon ampun kepada Allah SWT,Indonesia
2023-02-18 13:25:34+00:00,acikcika6,@RitasariiSari @puanmaharani_ri Semoga bisa terus mempertebal keimanan,Indonesia
2023-02-18 13:24:37+00:00,acikcika6,@yhendarsyah @rauliamawati @puanmaharani_ri fondasi dari takwa kita kepada Allah,Indonesia
2023-02-18 13:23:36+00:00,acikcika6,@PdipSolid @rauliamawati @puanmaharani_ri Introspeksi diri begitu banyak dosa yang sudah dilakukan,Indonesia
2023-02-18 13:22:56+00:00,acikcika6,@AyahKami3 @rauliamawati @puanmaharani_ri karena sejatinya salat merupakan fondasi dari takwa kita kepada Allah,Indonesia
2023-02-18 13:22:04+00:00,acikcika6,@Anih_idayah @rauliamawati @puanmaharani_ri Selalu istiqomah dalam menjalankan shalat lima waktu,Indonesia
2023-02-18 13:20:51+00:00,acikcika6,@rauliamawati @puanmaharani_ri semoga bisa selalu istiqomah dalam menjalan salat lima waktu,Indonesia
2023-02-18 13:20:50+00:00,Anih_idayah,@Safitridede1 @puanmaharani_ri Setuju,
2023-02-18 13:20:37+00:00,jamalnst00,@puanmaharani_ri PUAN RK,
2023-02-18 13:20:22+00:00,Anih_idayah,@TiaraResmi00 @puanmaharani_ri Nanti aja ka pulkam ny nunggu lebaran,
2023-02-18 13:19:50+00:00,Anih_idayah,@AndiniRifkia @puanmaharani_ri Pasti kita merindukan beliau.. Dan prsaan sedih muncul,
2023-02-18 13:19:18+00:00,acikcika6,"@puanmaharani_ri Semoga Allah memberkati kita semua di malam Isra Mi'raj ini, aamiin",Indonesia
2023-02-18 13:19:17+00:00,Anih_idayah,@stephaneioi @puanmaharani_ri Mengingt kita untuk mningktkn ibdah ya,
2023-02-18 13:18:54+00:00,Anih_idayah,@LuluFebbb @puanmaharani_ri Dan bulan puasa akan sgrah tiba,
2023-02-18 13:18:03+00:00,Anih_idayah,@ayukhanny @puanmaharani_ri Amin..,
2023-02-18 13:17:52+00:00,Anih_idayah,@rauliamawati @puanmaharani_ri Bnr bnget mbak smg ibdah smkin lbh baik lgi..,
2023-02-18 13:17:16+00:00,Anih_idayah,@PdipSolid @puanmaharani_ri Amin mngingat perjuangn beliau untuk kita umatnya,
2023-02-18 13:16:44+00:00,Anih_idayah,@muhammadd_deni @puanmaharani_ri Smga mnjdikn ibadah yg lbih baik lg,
2023-02-18 13:16:43+00:00,AyahKami3,@RitasariiSari @AurelTritania @puanmaharani_ri Aamiin,
2023-02-18 13:16:22+00:00,AyahKami3,@ayukhanny @AurelTritania @puanmaharani_ri Semoga Allah memberkati kita semua di malam Isra Miraj ini,
2023-02-18 13:16:13+00:00,Anih_idayah,@yhendarsyah @puanmaharani_ri Amin,
2023-02-18 13:16:02+00:00,Anih_idayah,@JohanSulistyo7 @puanmaharani_ri Iya bnr bnr sedih mengingat diri ya,
2023-02-18 13:15:38+00:00,Anih_idayah,@puanmaharani_ri Amin ya rabbal alamin. Slmt memperingati isra miraj 1444 H,
2023-02-18 13:14:58+00:00,AyahKami3,@muhammadd_deni @AurelTritania @puanmaharani_ri Mari kita mengambil kesempatan pada hari yang mulia ini dan membuat harapan untuk masa depan kita yang sejahtera dari Allah SWT,
2023-02-18 13:14:16+00:00,AyahKami3,@PertamaPpratama @AurelTritania @puanmaharani_ri Hari ini adalah tentang perasaan bangga menjadi seorang Islam,
2023-02-18 13:10:01+00:00,PdipSolid,@PertamaPpratama @RitasariiSari @puanmaharani_ri MashaAllah,
2023-02-18 13:09:51+00:00,PdipSolid,@DedigDedigt @muhammadd_deni @puanmaharani_ri Banyak kisah para sahabat yg bisa kita tiru,
2023-02-18 13:09:36+00:00,PdipSolid,@muhammadd_deni @puanmaharani_ri Semoga Indonesia makin jaya dan erat bersaudara,
2023-02-18 13:09:18+00:00,PdipSolid,@ayukhanny @puanmaharani_ri Aamiin ya mujib,
2023-02-18 13:09:06+00:00,PdipSolid,@ayukhanny @puanmaharani_ri Selamat isra' mi'raj semua,
2023-02-18 13:08:43+00:00,PdipSolid,@muhammadd_deni @AurelTritania @puanmaharani_ri Pertanda udah mau ramadhan ya,
2023-02-18 13:08:29+00:00,PdipSolid,@AurelTritania @puanmaharani_ri Semoga kita bisa mengimani Rasulullah dan menjalankan ajarannya,
2023-02-18 13:08:02+00:00,PdipSolid,@JohanSulistyo7 @puanmaharani_ri Langsyperbaiki yuk,
2023-02-18 13:07:42+00:00,PdipSolid,@yhendarsyah @puanmaharani_ri Aamiin ya rab,
2023-02-18 13:07:33+00:00,PdipSolid,@rauliamawati @puanmaharani_ri Merenung dan memperbaiki diri,
2023-02-18 13:07:14+00:00,AyahKami3,@artisindo8 @AurelTritania @puanmaharani_ri Jadikan shalat sebagai kebutuhan sehari-hari,
2023-02-18 13:06:51+00:00,PdipSolid,"@puanmaharani_ri Selamat merayakan perjalanan Nabi Muhammad Saw, semoga kita mampu meneladani",
2023-02-18 13:04:28+00:00,AyahKami3,@MitaSitiii @puanmaharani_ri Peristiwa Isra Miraj akan membuat kita sadar terhadap mukjizat yang Allah berikan kepada Nabi Muhammad SAW,
2023-02-18 13:02:10+00:00,AyahKami3,@stephaneioi @puanmaharani_ri malam Isra Wal Mi'raj sebagai malam pengampunan,
2023-02-18 13:02:10+00:00,AsgarMerah,@puanmaharani_ri Selamat memperingati Isra Miraj Nabi Muhammad SAW 1444 H ğŸ™,Garut
2023-02-18 12:57:24+00:00,AyahKami3,@rauliamawati @puanmaharani_ri Semoga kita memperkuat amalan kita akan kewajiban salat lima waktu,
2023-02-18 12:56:29+00:00,ArahanRudi,@yhendarsyah @puanmaharani_ri amin amin dan amin,"Medan Baru, Indonesia"
2023-02-18 12:55:46+00:00,AyahKami3,@artisindo8 @puanmaharani_ri kita jadikan salat sebagai kebutuhan dan sebagai cahaya untuk kehidupan dunia dan akhirat,
2023-02-18 12:54:23+00:00,AyahKami3,@AurelTritania @puanmaharani_ri semoga hikmah dan kebahagiaannya menyertai kita,
2023-02-18 12:53:51+00:00,AaHendrik8,Cc @PDI_Perjuangan  @puanmaharani_ri Pa Ustadz nyindir ibu mega nih ğŸ‘‡ğŸ¿silahkan kondisikan,"Kota Bandung, Jawa Barat"
2023-02-18 12:50:29+00:00,yhendarsyah,@MitaSitiii @puanmaharani_ri Diaamiinkan,jakarta
2023-02-18 12:50:00+00:00,yhendarsyah,@AnisaTrianaDew @puanmaharani_ri Semoga diberikan kemudahan,jakarta
2023-02-18 12:49:43+00:00,yhendarsyah,@JohanSulistyo7 @puanmaharani_ri Semoga menjadi inspirasi dalam peningkatan ibadah,jakarta
2023-02-18 12:49:41+00:00,TiaraResmi00,@KomalaVivie @puanmaharani_ri nah ini satu pikiran,
2023-02-18 12:49:32+00:00,TiaraResmi00,@ArahanRudi @puanmaharani_ri siap laksanakan kakak btw ngeri ya,
2023-02-18 12:49:23+00:00,yhendarsyah,@AndiniRifkia @puanmaharani_ri Semoga mendapatkan Syafaatnya. Aamiin,jakarta
2023-02-18 12:49:21+00:00,TiaraResmi00,@muhammadd_deni @puanmaharani_ri mudah2an disukseskan,
2023-02-18 12:49:10+00:00,TiaraResmi00,@ayukhanny @puanmaharani_ri ya allah maafkan dosaku,
2023-02-18 12:49:00+00:00,TiaraResmi00,@artisindo8 @puanmaharani_ri insyallah deh,
2023-02-18 12:48:49+00:00,TiaraResmi00,@yhendarsyah @puanmaharani_ri boleh tuh idenya,
2023-02-18 12:48:37+00:00,TiaraResmi00,@AurelTritania @puanmaharani_ri asiap kak,
2023-02-18 12:48:26+00:00,TiaraResmi00,@DedigDedigt @puanmaharani_ri amin insyallah,
2023-02-18 12:48:15+00:00,TiaraResmi00,@novividiant @puanmaharani_ri pas ngena banget pas #isramiraj,
2023-02-18 12:48:02+00:00,TiaraResmi00,@rauliamawati @puanmaharani_ri asik yah,
2023-02-18 12:47:52+00:00,TiaraResmi00,@azkaayulutfiah @puanmaharani_ri dengan hari yang bersih,
2023-02-18 12:47:37+00:00,TiaraResmi00,@firmaansyah_ari @puanmaharani_ri mari perbanyak ibadah,
2023-02-18 12:47:25+00:00,TiaraResmi00,@PertamaPpratama @puanmaharani_ri betul sekali itu,
2023-02-18 12:47:14+00:00,yhendarsyah,"@LuluFebbb @puanmaharani_ri Menjelang awal Ramadhan , Bukan Rajab akan segera berakhir",jakarta
2023-02-18 12:47:11+00:00,TiaraResmi00,@RitasariiSari @puanmaharani_ri insyallah jadi keberkahan,
2023-02-18 12:46:41+00:00,yhendarsyah,@LopinaRKLME @puanmaharani_ri Semoga diberikan keikhlasan,jakarta
2023-02-18 12:46:23+00:00,yhendarsyah,@FreyaFreeea @puanmaharani_ri Semoga menjadi inspirasi umat muslim seluruh dunia .,jakarta
2023-02-18 12:45:56+00:00,yhendarsyah,@RitasariiSari @puanmaharani_ri Ahlak terbaik adalah Baginda Nabi Muhammad untuk diteladani dan diikuti,jakarta
2023-02-18 12:45:17+00:00,yhendarsyah,@artisindo8 @puanmaharani_ri Damai dan damaikan Indonesiaku,jakarta
2023-02-18 12:44:55+00:00,AyahKami3,@puanmaharani_ri Selamat memperingati Hari Isra Miraj bagi umat Muslim yang merayakan. Semoga bisa mendapatkan kesempurnaan iman dan Islam,
2023-02-18 12:44:51+00:00,yhendarsyah,@PertamaPpratama @puanmaharani_ri Jadikan sholat sebagai gaya hidup,jakarta
2023-02-18 12:44:47+00:00,MitaSitiii,@puanmaharani_ri #isramiraj yang ke 1444 mari jadi diri yang lebih baik ya bu puan,
2023-02-18 12:44:33+00:00,yhendarsyah,@AurelTritania @puanmaharani_ri Aamiin. Semoga selalu diberikan kemudahan dalam menjalankan hidup dan penghidupan,jakarta
2023-02-18 12:44:18+00:00,AnisaTrianaDew,@puanmaharani_ri pen tobatttt ya allah aslinya inimah bu pm,
2023-02-18 12:44:05+00:00,LuluFebbb,@puanmaharani_ri ternyata memang ga kerasa kalau udah isra miraj lagi,
2023-02-18 12:43:55+00:00,yhendarsyah,@ayukhanny @puanmaharani_ri Aamiin. Isra mi'raj penuh makna. Berbahagialah hidup kita,jakarta
2023-02-18 12:43:28+00:00,yhendarsyah,@novylumanauw @puanmaharani_ri Sukses dunia akhirat,jakarta
2023-02-18 12:43:09+00:00,yhendarsyah,@muhammadd_deni @puanmaharani_ri Aamiin semoga konsesten dalam menjalankannya,jakarta
2023-02-18 12:42:48+00:00,yhendarsyah,@rauliamawati @puanmaharani_ri Sholat tiang agama dan prtama kali dihisab di akhirat nanti,jakarta
2023-02-18 12:42:14+00:00,yhendarsyah,@DedigDedigt @puanmaharani_ri Aamiin. Sholat membawa keberkahan hidup,jakarta
2023-02-18 12:41:48+00:00,yhendarsyah,@marufali6797 @puanmaharani_ri Jadikan sholat sebagai penolong,jakarta
2023-02-18 12:41:35+00:00,yhendarsyah,@TiaraResmi00 @puanmaharani_ri Semoga selalu diberikan kegembiraan,jakarta
2023-02-18 12:41:15+00:00,DedekIak,@marufali6797 @puanmaharani_ri Pada malam Isra Wal Mi'raj ini marilah kita panjatkan shalawat atas Nabi kita,
2023-02-18 12:41:03+00:00,yhendarsyah,@SinegerA @puanmaharani_ri Semoga mendapatkan syafaat dari Baginda Nabi Muhammad SAW. Aamiin,jakarta
2023-02-18 12:40:41+00:00,yhendarsyah,@puanmaharani_ri Semoga peringatan Isra Mi'raj tahun ini membawa kedamaian bagi negeri dan dunia,jakarta
2023-02-18 12:39:55+00:00,FreyaFreeea,@puanmaharani_ri bersholawatlah dan puji beliau semogaaaa kita mendapat berkahnya,
2023-02-18 12:39:08+00:00,JohanSulistyo7,@puanmaharani_ri pen nangis ibadah ku masih kurang bu pm,
2023-02-18 12:38:36+00:00,4HurufNamaKu,@bumnbersatu @ch_chotimah2 @prabowo @puanmaharani_ri Pak lucky hakim kenapa bapak tega meninggalkan warga bapak...kami kehilangan sosok bapak... https://t.co/zcEt4CCJLK,
2023-02-18 12:37:55+00:00,LopinaRKLME,@puanmaharani_ri yaallah udah isra miraj algi ğŸ™ gakerasa tau mbak pm hihih jadi sedih,
2023-02-18 12:36:58+00:00,rauliamawati,@puanmaharani_ri Jadi waktu buat umat muslim untuk lebih getol llagi dalam beribadah semoga saja amin yrb,europe
2023-02-18 12:36:20+00:00,ZainalA23297281,"@hahaha180699 @maman1965 @hariankompas @aniesbaswedan @prabowo @ganjarpranowo @airlangga_hrt @puanmaharani_ri Jaman ini semua di ukur dgn duit, yg banyak duit mengendalikan. Demokrasi cerita fiksi",
2023-02-18 12:35:59+00:00,DedekIak,@ayukhanny @puanmaharani_ri Aamiin ya rabbal alamiin,
2023-02-18 12:33:16+00:00,DedekIak,@PertamaPpratama @puanmaharani_ri Iya benar kita patut bersyukur,
2023-02-18 12:32:22+00:00,DedekIak,@ayukhanny @puanmaharani_ri Selalu tebarkan kebaikan,
2023-02-18 12:31:58+00:00,DedekIak,@DedigDedigt @puanmaharani_ri Semoga kita dapat senantiasa meneladani Nabi Muhammad SAW,
2023-02-18 12:30:51+00:00,DedekIak,@muhammadd_deni @puanmaharani_ri tebarkan selalu kebaikan  sesama umat,
2023-02-18 12:29:01+00:00,DedekIak,@RitasariiSari @puanmaharani_ri Semoga kita bertambah cinta kepada Allah SWT,
2023-02-18 12:27:33+00:00,BarwiasariReza,"@brin_watch @jokowi @KSPgoid @msaid_didu @fadlizon @gibran_tweet @aniesbaswedan @SartonoHutomo @Suharso_M @mohmahfudmd @pakmul63 @Pak_JK @puanmaharani_ri Ada teman peneliti BRIN, dpt dana penelitian dr swasta. Sama pihak swastanya diblhkan peneliti ambil honor dr penelitian itu sbg reward. Tp aturan BRIN tdk bolehğŸ˜‚.  Aneh tp nyata, mau ketawa tp ini LTH.. ğŸ˜­",
2023-02-18 12:21:57+00:00,brin_watch,"biasa...biasa dimarahin, dimarahi ketua dewan pengarah dan dpr...dicela jg oleh publik, namun masih tetap bertahan...nasib anda memang luar biasa....ğŸ¤ğŸ‘ 
@jokowi @msaid_didu @fadlizon @pakmul63 @SartonoHutomo @puanmaharani_ri @PartaiSocmed @mazzini_gsp https://t.co/EUSbI12rgp",
2023-02-18 12:14:08+00:00,azharbtm,@puanmaharani_ri th@nks ğŸ™ğŸ™,
2023-02-18 12:07:55+00:00,joko_gusman11,"@danto118 @ChoiMasMh @ekokuntadhi1 @puanmaharani_ri @jokowi TOLOL
Tingkat
KADAL https://t.co/lln2Mcnkqz",
2023-02-18 12:06:51+00:00,RidwanHp4,@puanmaharani_ri Ngibul sukaÂ² dinegara yg dikuasai PKI plus alias pengkhianat https://t.co/9Dao97nZ7V,
2023-02-18 12:04:27+00:00,azharbtm,@puanmaharani_ri https://t.co/cvLi5HCgW4,
2023-02-18 12:00:12+00:00,HermawanTsa,@syabillalnovian @puanmaharani_ri Beda pergaulan ğŸ˜,"Bogor Timur, Indonesia"
2023-02-18 11:59:51+00:00,novividiant,@puanmaharani_ri Duh Gusti abdi nyungkeun ibadah abdi mugia istiqomah wafat ge khusnul khotimah,
2023-02-18 11:58:00+00:00,AndiniRifkia,"@puanmaharani_ri allahuakbar udah isra miraj lagi bu pm, kalau udah gini saya suka rindu sama nabi muhammad",
2023-02-18 11:57:07+00:00,stephaneioi,"@puanmaharani_ri sedih aku bu pm, jadi keinget banyak dosa",
2023-02-18 11:56:53+00:00,KomalaVivie,"@puanmaharani_ri siap laksanakan deh bu pm, walaupun sulit namun emang harus dicoba apalagi beliau waktu isra miraj memperjuangkan kaumnya banget bayangin aja solat itu asalnya 50 waktu sekarang cuman 5 waktu beliau Nabi Muhammad sangat mempedulikan umattnya",
2023-02-18 11:52:34+00:00,ArahanRudi,"@puanmaharani_ri ayo semua umat muslim mari benahi diri, kita gatau kapan kiamat, dan gatau kapan kita mati. kalau banyak dosa gimana coba bayangin sendirian di kuburan disiksa karena dosa. mau minta tolong kesiapa. gaada yang mendegar lagi karena kita udah beda alam","Medan Baru, Indonesia"
2023-02-18 11:51:42+00:00,TiaraResmi00,"@puanmaharani_ri selamat mempetingati ibu puan, aku jadi sedih gabisa pulkam",
2023-02-18 11:49:50+00:00,DedigDedigt,@SinegerA @puanmaharani_ri Aminnn,bandung
2023-02-18 11:49:32+00:00,DedigDedigt,"@novylumanauw @puanmaharani_ri Semoga Mba Puan sukses jadi presiden saya do,a kan selalu aminn",bandung
2023-02-18 11:49:21+00:00,DedigDedigt,@marufali6797 @puanmaharani_ri belajar dari keteladanan Nabi Muhammad SAW dan memperkuat hubungan kita dengan Allah SWT,bandung
2023-02-18 11:49:11+00:00,DedigDedigt,"@azkaayulutfiah @puanmaharani_ri Semoga di moment Peringatan Hari Isra Miraj kali ini, kita semua mendapatkan rahmat dan ridho Allah SWT",bandung
2023-02-18 11:48:58+00:00,danto118,@ChoiMasMh @ekokuntadhi1 @puanmaharani_ri @jokowi Mimpi... wan aibon takut kalah sama ganjar ya?,
2023-02-18 11:48:53+00:00,DedigDedigt,@ayukhanny @puanmaharani_ri Semoga kita semua selalu dalam lindungan dan rahmat Allah SWT,bandung
2023-02-18 11:48:39+00:00,DedigDedigt,"@PertamaPpratama @puanmaharani_ri Semoga kita, keluarga, dan keturunan kita selalu mendirikan dan menjaga shalat",bandung
2023-02-18 11:48:28+00:00,DedigDedigt,@AurelTritania @puanmaharani_ri mengingat betapa besar dan mulianya perjalanan Nabi Muhammad SAW ke langit. Selamat Isra Miraj,bandung
2023-02-18 11:48:19+00:00,DedigDedigt,@artisindo8 @puanmaharani_ri Mari kita rayakan hari ini dengan semangat dan sukacita dalam memperbaiki diri,bandung
2023-02-18 11:48:08+00:00,DedigDedigt,@RitasariiSari @puanmaharani_ri Selamat Isra Miraj 2023,bandung
2023-02-18 11:47:58+00:00,DedigDedigt,@muhammadd_deni @puanmaharani_ri Mari kita belajar dari pelajaran-pelajaran tersebut dan memperkuat hubungan kita dengan Allah SWT. Selamat memperingati Isra Miraj,bandung
2023-02-18 11:47:49+00:00,AdeSaung,"@puanmaharani_ri Apa yang pernah ibu teladani dari Rasulullah sepanjang hidup ibu,saya mau satuuuuu saja contohnya ğŸ¤£",
2023-02-18 11:47:10+00:00,RitasariiSari,@marufali6797 @puanmaharani_ri hari yang sangat penting bagi umat islam,
2023-02-18 11:46:45+00:00,RitasariiSari,@AurelTritania @puanmaharani_ri semoga kita lebih dekat lagi dengan allah SWT,
2023-02-18 11:46:21+00:00,RitasariiSari,@novylumanauw @puanmaharani_ri TOP Mba Puan Mantap,
2023-02-18 11:46:01+00:00,RitasariiSari,@firmaansyah_ari @puanmaharani_ri Kita perlu bersyukur kepada Allah SWT yang telah mengirimkan kita seorang pemimpin yang telah menuntun kita dari kegelapan menuju cahaya kehidupan yang terang benderang.,
2023-02-18 11:45:45+00:00,RitasariiSari,"@DedigDedigt @puanmaharani_ri Semoga di bulan penuh makna ini dan seterusnya kita tetap menjaga Ukhuwah Islamiah, dan selalu berada dalam lindungan-Nya.",
2023-02-18 11:45:22+00:00,RitasariiSari,@ayukhanny @puanmaharani_ri Jadikan peringatan ini sebagai suatu hal yang mendamaikan dan memberikan bukti bahwa Islam adalah agama penyayang.,
2023-02-18 11:45:13+00:00,RitasariiSari,@azkaayulutfiah @puanmaharani_ri Peringatan ini adalah satu di antara tahapan yang pas untuk belajar. Kita bisa meneladani akhlak Nabi dan menyadari bahwa diri ini jauh dari sempurna.,
2023-02-18 11:45:01+00:00,RitasariiSari,@muhammadd_deni @puanmaharani_ri Nabi Muhammad SAW diajarkan tentang pentingnya berani menghadapi segala tantangan dalam hidup dan bertawakal pada Allah untuk mencapai kemenangan.,
2023-02-18 11:44:32+00:00,RitasariiSari,"@PertamaPpratama @puanmaharani_ri Perjalanan yang penuh dengan hikmah, Allah memperlihatkan kebesaran-Nya kepada Nabi Muhammad, Semoga kita senantiasa mengikuti jejak beliau.",
2023-02-18 11:44:04+00:00,RitasariiSari,"@artisindo8 @puanmaharani_ri Di dalam Isra Miraj, Nabi melihat keindahan dan kebesaran, kedamaian dan kebahagiaan abadi di dalam surga, Semoga kita juga menjadi penghuni surga di akhirat.",
2023-02-18 11:43:07+00:00,PertamaPpratama,"@Safitridede1 @puanmaharani_ri Mba Puan The next president RI, Insya Allah..Aamiin yra..",
2023-02-18 11:42:53+00:00,PertamaPpratama,"@marufali6797 @puanmaharani_ri Nabi dihadapkan pada beberapa ujian, Namun selalu dipenuhi dengan kebesaran Allah.",
2023-02-18 11:42:39+00:00,PertamaPpratama,"@novylumanauw @puanmaharani_ri Calon pemimpin nomor satuğŸ˜‡, mbak puan maharani",
2023-02-18 11:42:15+00:00,PertamaPpratama,"@RitasariiSari @puanmaharani_ri mengajarkan tentang pentingnya memelihara hubungan dengan Allah, Kita harus selalu menjalin hubungan dengan Allah melalui ibadah dan doa, Dan memperbanyak amal sholeh untuk mendapat keridhaan-Nya.",
2023-02-18 11:42:01+00:00,PertamaPpratama,"@ayukhanny @puanmaharani_ri Perjalanan yang memperlihatkan kekuasaan Allah, Sehingga kita harus selalu mengingat kebesaran-Nya, Dan berusaha untuk memperbanyak amal sholeh.",
2023-02-18 11:41:44+00:00,PertamaPpratama,"@azkaayulutfiah @puanmaharani_ri Perjalanan spiritual yang teramat indah, Nabi Muhammad mendapat kebesaran dan kemuliaan, Semoga kita juga meraih keberkahan hidup.",
2023-02-18 11:41:28+00:00,PertamaPpratama,@DedigDedigt @puanmaharani_ri Semoga kita selalu meneladani sifat dan prilaku Nabi dalam kehidupan sehari-hari.,
2023-02-18 11:41:03+00:00,PertamaPpratama,"@artisindo8 @puanmaharani_ri Di Isra Miraj, Nabi bersua dengan para nabi. Selalu mengajarkan kebaikan, mengingatkan kemanusiaan, Semoga kita tetap selalu mengikuti jalan kebenaran.",
2023-02-18 11:40:38+00:00,PertamaPpratama,"@azkaayulutfiah @firmaansyah_ari @puanmaharani_ri Selamat libur bagi umat lainnya. Damai di bumi, damai beragama, meski berbeda.",
2023-02-18 11:40:17+00:00,PertamaPpratama,@firmaansyah_ari @puanmaharani_ri Isra Miraj adalah bukti kebesaran Allah dan kecintaan-Nya terhadap Nabi Muhammad SAW.,
2023-02-18 11:40:01+00:00,PertamaPpratama,@AurelTritania @puanmaharani_ri Peringatan ini juga adalah sebuah hal yang memperingatkan kita bahwa perjuangan Islam belum usai dan harus terus dilanjutkan.,
2023-02-18 11:39:17+00:00,ayukhanny,"@Safitridede1 @puanmaharani_ri semoga beliau RI 1,, insyaallah...",
2023-02-18 11:38:58+00:00,ayukhanny,"@novylumanauw @puanmaharani_ri Sehat selalu Mba Puan ,Tetap rendah hati dan lakukan yg terbaik.",
2023-02-18 11:38:44+00:00,ayukhanny,@marufali6797 @puanmaharani_ri Semoga kita selalu mengingat kebesaran dan kemuliaan Allah SWT dalam setiap langkah kita.,
2023-02-18 11:38:28+00:00,ayukhanny,@RitasariiSari @puanmaharani_ri Semoga kita bisa selalu meneladani akhlak mulia beliau.,
2023-02-18 11:38:13+00:00,ayukhanny,@PertamaPpratama @puanmaharani_ri Semoga kita lebih baik lagi dan bisa mengikuti sunnah Rasulullah SAW.,
2023-02-18 11:37:57+00:00,ayukhanny,@artisindo8 @puanmaharani_ri Sebagai momentum dalam kehidupan untuk tetap tawadhu dan bertakwa.,
2023-02-18 11:37:17+00:00,ayukhanny,@firmaansyah_ari @puanmaharani_ri Semoga kebaikan selalu menyertai setiap perjalananmu.,
2023-02-18 11:37:00+00:00,ayukhanny,@DedigDedigt @puanmaharani_ri Semoga kita juga bisa mengikuti jejak dan meneladani akhlak beliau.,
2023-02-18 11:36:47+00:00,ayukhanny,@AurelTritania @puanmaharani_ri Tingkatkan keimanan dan ketakwaan kita kepada Allah SWT.,
2023-02-18 11:36:28+00:00,ayukhanny,@muhammadd_deni @puanmaharani_ri Semoga syafaat Nabi Muhammad selalu menyertai kita semua. Aamiin Ya Rabbal Alamiin.,
