Gus Muhaimin Ingin Kebudayaan Jadi Panglima Pembangunan Bangsa, 22 Feb 2023 23:16 ,https://www.detik.com/jatim/budaya/d-6583849/gus-muhaimin-ingin-kebudayaan-jadi-panglima-pembangunan-bangsa,"Ketua Umum Partai Kebangkitan Bangsa (PKB) Abdul Muhaimin Iskandar (Gus Muhaimin) menginginkan agar kebudayaan dijadikan sebagai panglima dalam pembangunan bangsa ke depan.""Kayaknya kita orientasi yang paling efektif ya budaya sebagai panglima karena ini menyentuh semua aspek: seni, tradisi, ekonomi semua ada di budaya,"" ujar Gus Muhaimin menanggapi aspirasi para seniman dan budayawan lokal se-Jatim di sela penyerahan Mandat Seniman untuk Indonesia 'Budal Gus' di Padepokan Seni Kirun, Madiun, Rabu (22/2/2023).Dikatakan Gus Muhaimin, di masa Bung Karno, politik dijadikan sebagai panglima. Bahkan, pertunjukan ludruk saat itu dilarang. Selanjutnya, pada era Orde Baru di bawah Presiden Soeharto, ekonomi yang dijadikan sebagai panglima pembangunan.                ""Reformasi nggak ada panglimanya sehingga tidak punya arah. Kalau mau punya arah budaya harus jadi panglima karena semua sendi kehidupan ujung-ujungnya budaya yang bisa menguatkan, mengokohkan dan mempersatukan,"" tuturnya.Menurutnya, kondisi saat ini di masa pancaroba akibat pandemi, budaya bisa menjadi pencegah terjadinya konflik, kekerasan, dan perpecahan. Apalagi mendekati kompetisi Pemilu 2024. Karena itu, Gus Muhaimin meminta pemerintah pusat dan pemda untuk benar-benar memperhatikan nasib para seniman tradisional.""Seniman-seniman daerah yang hidupnya tentu sangat sulit terutama di era teknologi media sosial seperti sekarang harus ada bantuan-bantuan langsung maupun yang sifatnya promosi dan peningkatan kapasitas,"" katanya.Gus Muhaimin berharap Kementerian Pendidikan, Kebudayaan Riset dan Teknologi memberikan perhatian kepada para seniman dan budayawan lokal.""Tolong Menteri Pendidikan dan Kebudayaan agar memperhatikan. Kepada Pemda tolong beri perhatian khusus, beri ruang atau panggung. Kalau perlu buatlah pertunjukan-pertunjukan yang menampilkan mereka karena selama ini mereka berjasa mempersatukan bangsa kita, berjasa membuat hiburan dan kebahagiaan di tingkat grassroot yang itu tidak bisa diperankan oleh orang lain ataupun negara,"" katanya.Wakil Ketua DPR Bidang Korkesra ini mengatakan bahwa harus ada upaya untuk meningkatkan mutu produk budaya Indonesia yang sesuai dengan perkembangan zaman dan aplikatif terhadap perkembangan teknologi informasi.""Dengan begitu kita tidak kalah dengan Korea yang sebetulnya jauh di bawah kita kualitas dan varian kesenian budayanya, tapi karena mereka lebih aplicable dengan teknologi informasi sehingga seolah-olah kita di bawahnya,"" katanya.Gus Muhaimin menegaskan kesiapannya untuk bersama-sama memajukan kesenian dan nasib para seniman jika diberikan mandate sebagai pemimpin nasional ke depan.""Intinya mari kita bekerjasama menuju Indonesia yang mencintai seniman. (Kalau saya jadi presiden) tandak, ludruk se- Indonesia aman. Kita akan taati perintah Sakirun (Kirun), saya siap. Kita semua siap menuju Indonesia yang berbudaya,"" tuturnya.Dalam kesempatan itu, Gus Muhaimin bahkan langsung menelepon salah satu kepala daerah di Jatim yang berasal dari PKB yakni Bupati Sidoarjo Ahmad Muhdlor Ali agar memberikan panggung secara rutin kepada para seminal lokal di daerahnya sehingga mereka mendapatkan perhatian.Forum Mandat Seniman untuk Indonesia 'Budal Gus' menjadi ajang bagi para sejumlah seniman dari berbagai daerah di Jatim menyampaikan aspirasinya untuk diperjuangkan oleh Gus Muhaimin. Karyani, seniman asal Ngawi yang mewakili para dalang, tari karawitan dan sinden berharap seni budaya tetap eksis.""Ini harus kita lestarikan dan kembangkan. Nah, untuk melestarikan seni dan budaya harus ada penanggap-nya. Jadi harus senang dulu. Anak-anak muda sekarang kurang mengenal seni budaya sendiri. Jika anak-anak kecil dikenalkan budaya sendiri maka akan senang sehingga kesenian kita bisa lestari,"" katanya.Edi, seniman asal Mojokerto yang juga Pimpinan Ludruk Karya Budaya Mojokerto mengatakan, selama 6 kali pergantian pemerintahan, nasib para seniman ludruk tidak jelas.""Dulu Presiden Soekarno dua kali nanggap ludruk di Istana. Sekarang tidak ada lagi. Tak ada yang peduli ludruk. Pernah dihadirkan di rumah Bu Mega sekali. Sekarang tidak ada lagi pemimpin yang nanggap ludruk. Kalau Gus Muhaimin jadi pemimpin kami minta untuk mendatangkan ludruk di rumahnya,"" harapnya.Kirun, seniman legendaris Jawa Timur mengatakan bahwa selama era pandemi COVID-19, nasib para seniman tradisional benar-benar memprihatinkan. ""Sejak pandemi saya minta beras ke Gus Muhaimin untuk dibagikan kepada para seniman tradisional. Satu-satunya capres sing gelem kasih sembako ke seniman ya Cak Imin. Tandak ludruk di Jatim ada jutaan, nggak ada yang ngopeni,"" katanya.Kirun berharap jika kelak bisa menjadi pemimpin nasional, Gus Muhaimin benar-benar bisa memperhatikan dan mengangkat derajat para seniman tradisional dengan memberikan ruang yang luas untuk berkreasi."
Sudirman Said soal Anies Merosot di Survei Kompas: Belum Kampanye Resmi, 22 Feb 2023 22:09 ,https://news.detik.com/pemilu/d-6583795/sudirman-said-soal-anies-merosot-di-survei-kompas-belum-kampanye-resmi,"Elektabilitas Anies Baswedan berada di bawah Ganjar Pranowo dan Prabowo Subianto berdasarkan hasil survei Litbang Kompas. Juru Bicara Anies, Sudirman Said, menyebut hal itu karena belum digelarnya kampanye resmi.""Jumlah yang naik turun kan masih lebar, jadi kita masih punya harapan besar. Ini kampanye resminya belum, masih persiapan,"" ujar Sudirman Said di kawasan Lebak Bulus, Jakarta Selatan, Rabu (22/2/2023).Sudirman Said mengatakan survei tersebut masih mengalami naik turun. Dia menilai Anies masih ada peluang karena provinsi di Indonesia yang luas.                ""Itu masih naik turun tergantung situasi dan jumlah provinsi di Indonesia masih lebar, sehingga masih ada ceruk,"" kata dia.Litbang Kompas mengeluarkan hasil survei elektabilitas terbaru untuk calon presiden Pemilu 2024. Dalam Survei tersebut, elektabilitas Ganjar Pranowo lebih unggul dibandingkan Prabowo Subianto di posisi kedua, dan disusul Anies Baswedan.Survei periodik ini diselenggarakan pada 25 Januari sampai 4 Februari 2023. Sebanyak 1.202 responden dipilih secara acak menggunakan metode pencuplikan sistematis bertingkat di 38 Provinsi.Penelitian ini memiliki tingkat kepercayaan 95 persen dengan margin of error +-2,83.Berikut hasil survei Litbang Kompas yang dirilis pada Rabu (22/2) tentang elektabilitas kandidat capres pada Januari 2023:Ganjar Pranowo: 25,3%Prabowo Subianto: 18,1%Anies Baswedan: 13,1%Ridwan Kamil: 8,4%Simak selengkapnya di halaman selanjutnya."
Jabar Hari Ini: Hukuman Lebih Berat untuk Doni Salmanan, 22 Feb 2023 22:00 ,https://www.detik.com/jabar/berita/d-6583730/jabar-hari-ini-hukuman-lebih-berat-untuk-doni-salmanan,"Ragam peristiwa terjadi di Jabar hari ini, Rabu (22/2/2023). Dari mulai aset Doni Salmanan yang disita negara hingga hebohnya duit gepokan 'pelicin' proyek di Kabupaten Cianjur.Berikut rangkuman lima peristiwa yang menggemparkan publik hari ini:Majelis hakim Pengadilan Tinggi (PT) Bandung menganulir putusan tingkat pertama soal aset Doni Salmanan yang dikembalikan. Kini, putusan hakim banding menyatakan aset Doni Salmanan dirampas negara.                ""Barang bukti poin 33 sampai dengan poin 136 dirampas untuk negara,"" ujar Majelis Hakim PT Bandung yang diketuai Catur Iriantoro, Rabu (22/2/2023).Putusan itu tercantum dalam amar petikan vonis PT Bandung yang dilansir detikJabar dari website Mahkamah Agung (MA). Adapun vonis atas banding yang diajukan Jaksa Penuntut Umum (JPU) dan Doni Salmanan diketok pada Selasa (21/2) kemarin.Kembali soal barang bukti. Adapun barang bukti poin 33 sampai 136 yang dirampas oleh negara tersebut terdiri dari barang-barang mewah, kendaraan mewah, uang tunai hingga rumah mewah yang dimiliki pria berjuluk 'Crazy Rich Bandung' itu.Dalam pertimbangannya, hakim menyatakan barang bukti tersebut didapat atas perbuatan tindak pidana yang dilakukan Doni Salmanan selama menjadi afiliator platform Quotex.Dalam putusannya terkait barang bukti, hakim mempedomani sesuai dengan ketentuan Pasal 46 ayat 1 KUHAP huruf c dan juga mempertimbangkan Pasal 91 Undang-undang nomor 1 tahun 2023.""Sehingga majelis Pengadilan Tinggi berpendapat harta-harta tersebut berasal dari keuntungan ekonomi yang diperoleh baik secara langsung maupun tidak langsung dari tindak pidana,"" tutur hakim.Sebelumnya dalam sidang tingkat pertama di PN Bale Bandung, Doni Salmanan batal dimiskinkan. Hakim dalam putusanya mengembalikan aset kepada Doni Salmanan.Namun pada tingkat banding, hukuman Doni Salmanan diperberat. Doni Salmanan dihukum 8 tahun penjara sekaligus tindak pidana pencucian uang (TPPU) terbukti, Hakim juga memiskinkan Doni Salmanan.Asa korban mendapatkan ganti rugi atas perbuatan Doni Salmanan kandas. Hakim tak mengamini permintaan restitusi atau ganti rugi dalam putusan di tingkat banding.Keputusan tak memberikan restitusi kepada korban tersebut termuat dalam petikan vonis hakim Pengadilan Tinggi (PT) Bandung yang diputus pada Selasa (21/2) lalu. Majelis hakim yang diketuai Catur Iriantoro menyebut pemberian restitusi itu diatur sebagaimana Peraturan Mahkamah Agung (PERMA) Nomor 1 tahun 2022.Dalam aturan tersebut disebutkan bahwa restitusi diberikan kepada korban atau keluarganya oleh pelaku tindak pidana atau pihak ketiga. Sedangkan dalam Pasal 1 angka 2 dinyatakan bahwa kompensasi adalah ganti kerugian yang diberikan oleh Negara karena pelaku tindak pidana tidak mampu memberikan ganti kerugian sepenuhnya yang menjadi tanggung jawabnya secara limitatif.Disebutkan pula bila pemberian restitusi bisa diberikan bagi korban tindak pidana HAM berat, terorisme, perdagangan orang, diskriminasi ras dan etnis serta tindak pidana terkait anak-anak.""Menimbang bahwa dengan ketentuan Pasal 2 ayat (1) huruf a dan b, maka kompensasi yang diajukan adalah terkait tindak pidana ITE maupun tindak pidana pencucian uang. Sehingga tidak termasuk ruang lingkup yang dapat dimohonkan restitusi dan kompensasi sebagaimana secara limitatif tidak diatur dalam PERMA nomor 1 tahun 2022. Dengan demikian permohonan tersebut harus dikesampingkan dan ditolak,"" ujar hakim dalam petikan putusannya yang dilansir detikJabar pada Rabu (22/2/2023).Adapun dalam perkara ini, ada tiga pihak yang memohon restitusi. Adapun para pihak tersebut di antaranya:1. Finsensius Mendrofa & Partners (FMP Law Firm) sebesar Rp.5.283.113.975,- (lima milyar dua2. Perhimpunan Paguyuban Korban Doni Salmanan yang diwakili Feliks Multiwijaya sebesar Rp.11.210.275.947,-3. Lembaga Perlindungan Sakdi dan Korban (LPSK) sebesar Rp.1.292.781.000,-Bupati Purwakarta Anne Ratna Mustika dan Dedi Mulyadi resmi bercerai. Majelis hakim membacakan putusan tersebut dalam sidang yang digelar di Pengadilan Agama Purwakarta, Kabupaten Purwakarta, Rabu (22/2/2023).""Memutuskan, satu mengabulkan gugatan cerai penggugat, dua menjatuhkan talak satu kepada tergugat yaitu Dedi Mulyadi, tiga membebankan biaya perkara sebesar Rp 875.000,"" kata Hakim Ketua Lia Yuliasih dalam persidangan.Sebelum putusan dibacakan, majelis hakim sempat mengajak Dedi dan Anne kembali melakukan mediasi termasuk membahas terkait hak asuh anak. Keduanya sepakat untuk berpisah.Hakim menilai gugatan yang dilayangkan Bupati Anne dapat diterima dan hakim mengambil kesimpulan jika pernikahan antara Anne Ratna Mustika dan Dedi Mulyadi sudah tidak harmonis.""Dalam eksepsi, satu menolak eksepsi tergugat (Dedi Mulyadi), dua menyatakan Pengadilan Agama Purwakarta berwenang untuk mengadili perkara ini, tiga memerintahkan kepada kedua belah pihak berperkara untuk melanjutkan perkara ini, empat melakukan biaya perkara sampai putusan akhir,"" kata Lia.Dalam sidang ini, Anne Ratna Mustika sebagai penggugat hadir didampingi kuasa hukumnya. Sedangkan Dedi Mulyadi tidak hadir dan diwakili kuasa hukumnya.Usai membacakan putusan, hakim mempersilakan Anne dan Dedi untuk mempertimbangkan keputusan ini. ""Silahkan jika akan mengambil langkah hukum lain (banding) dalam jangka waktu 14 hari setelah putusan ini dibacakan,"" jelasnya.Bupati Indramayu Nina Agustina akhirnya memenuhi panggilan Gubernur Jawa Barat Ridwan Kamil untuk mengklarifikasi polemik mundurnya Lucky Hakim dari jabatan wakil bupati. Informasi diterima detikJabar, Nina menemui Kang Emil Gubernur Jawa Barat di Tasikmalaya pada Selasa (21/2/2023).Dalam pertemuan itu, Nina mengaku kepada Kang Emil (sapaan Ridwan Kamil) bahwa dirinya Lucky Hakim tidak ada masalah sejak memenangkan pilkada tahun 2020.""Alhamdulillah, terima kasih banyak saya ucapkan Pak Gubernur ya kan untuk support-nya ke Kabupaten Indramayu. Untuk saat ini, seperti saya sampaikan dari awal bahwa saya dengan Pak Lucky Hakim ini tidak ada masalah apapun,"" kata Bupati Indramayu Nina Agustina saat ditemui detikJabar di Pasar Jatibarang, Kecamatan Jatibarang, Indramayu, Rabu (22/2/2023).""Karena bagaimanapun kami adalah pasangan terbaik dan dipilih masyarakat, tapi dalam perjalanannya ada sesuatu yang seperti ini harus terjadi ya kita ikuti semua prosedur yang ada itu aja,"" imbuhnya.Saat ditanya klarifikasi yang disampaikan ke Gubernur Jawa Barat, Nina hanya menyebut soal situasi kondusif pemerintahan. Hal itu ia sampaikan sebagai bentuk komitmennya hingga akhir jabatan 2024 nanti.""Untuk klarifikasi menanyakan kondusif tidak untuk pemerintahan seperti itu. Alhamdulillah kan kita berjalan semuanya kondusif. Yang penting saya bekerja baik dan sesuai dengan komitmen saya dengan mas Lucky Hakim tetap 24 (tahun 2024) kita laksanakan dengan baik,"" jelasnya.Nina sendiri mengklaim selalu berkomunikasi dengan Lucky Hakim untuk meredam isu-isu perpecahan keduanya. ""Nggak apa-apa emang dari Pak lucky. Memang, kalau saya kan bilang kalau komunikasi baik lah dari awal. Saya minta yuk Mas Lucky kita sama-sama meredam jangan sampai ada sesuatu hal yang,"" ucap Nina.""Memang kalau ada yang tidak nyaman antara saya dan Mas Lucky atau Mas Lucky dengan saya, yuk kita buka komunikasi kan seperti itu. Alhamdulillah Mas Lucky mengirimkan voice note,"" tutur Nina.Politisi dari PDI-P itu pun mendoakan jika Lucky benar-benar mundur nantinya akan lebih sukses. Ia juga mendoakan kesehatannya.""Iyah kan sudah lihat kan seperti itu beliau mungkin. Yang penting kan beliau nanti bisa lebih sukses lagi iya kan, diberikan kesehatan,"" ujar Nina.Ia sendiri mengaku tetap punya kekuatan untuk menjalankan roda pemerintahan di Indramayu. Yang membuatnya kuat adalah doa.Maret 2019 lalu, dua bayi laki-laki kembar lahir di RSUD Cililin. Kelahirannya menjadi kebahagiaan dan hal yang amat dinantikan pasangan Dede Wahyudin (42) dan Elis Nurlatifah (33).Kelahiran bayi kembar asal Sindangkerta, Kabupaten Bandung Barat, itu mengundang perhatian, tatkala sang ayah memberi nama dua buah hatinya dengan nama Muhammad Prabowo dan Muhammad Sandiaga.Kepada detikJabar, Dede mengatakan kedua buah hatinya saat ini segera menginjak usia empat tahun. Mereka tumbuh dengan baik dan sehat sejak dilahirkan.""Alhamdulillah anak saya sekarang mau berusia 4 tahun usianya. Semuanya sehat dan hebat-hebat,"" ujar Dede saat dihubungi, Rabu (22/2/2023).Prabowo dan Sandiaga sebentar lagi bakal merayakan hari ulang tahunnya yang ke empat pada bulan Maret mendatang, tepatnya tanggal 20. Namun Dede menyebut tak akan membuat perayaan apapun.""Nggak sih kalau merayakan, ya paling doa dan syukuran sederhana saja. Yang penting anaknya sehat,"" ucap Dede.Dede juga tak punya harapan muluk-muluk pada Pemilu di tahun 2024 mendatang dua idolanya Prabowo dan Sandiaga bakal menyempatkan waktu menengok anaknya yang bakal berumur lima tahun.""Ya kalau tahun depan kan anak saya 5 tahun, terus tahun Pemilu juga. Ah nggak kepikiran bakal didatangi (Prabowo Subianto dan Sandiaga Uno). Kan mereka orang sibuk,"" kata Dede.Namun ia selalu mendoakan yang terbaik untuk dua idolanya tersebut agar mendapatkan hasil terbaik pada Pemilu 2024 mendatang.""Ya hanya bisa mendoakan saja yang terbaik. Mudah-mudahan ada rezekinya, kalah saya kan hanya mengidolakan saja,"" tutur Dede.Sebuah video pejabat di Kabupaten Cianjur dengan beberapa gepok uang tunai viral di media sosial. Dalam video tersebut disebutkan uang tersebut diduga merupakan 'pelicin' untuk proyek pekerjaan di Kota Santri.Dalam video berdurasi 2.11 menit itu tampak beberapa gepok uang tunai pecahan Rp 100 ribu ditumpuk di atas meja kaca. Gepokan uang itu diikat menggunakan karet.Terjadi percakapan antara pejabat dengan orang yang merekam sekaligus memberikan uang tersebut. Meskipun tidak begitu jelas, terdengar pria yang merekam menyebutkan nominal uang yang diserahkan.Pada postingan di media sosial Instagram, tertulis diduga uang tersebut merupakan 'pelicin' agar lolos lelang untuk sejumlah proyek di lingkungan Pemkab Cianjur. Adapun pejabat yang menerima uang tersebut ialah salah seorang pejabat di Bagian Barang dan Jasa Setda Kabupaten Cianjur.Kepala Bagian Pengadaan Barang dan Jasa Setda Kabupaten Cianjur Jatnika mengaku sudah mendapatkan informasi terkait video yang viral di media sosial tersebut.""Sudah lihat dan dapat videonya. Sudah dikonfirmasi juga ke pejabat yang bersangkutan yang ada di video itu,"" kata dia saat ditemui di Kantor Setda Cianjur, Jalan Siti Jenab, Rabu (22/2/2023).Menurut Jatnika, dari keterangan pejabat yang bertugas di bagiannya itu, video tersebut diduga merupakan video lama ketika pejabat itu bertugas di labolatorium uji Dinas PUTR pada 2014-2016 lalu.""Dari kondisi ruangan di video itu katanya itu ruangan dia saat di lab uji. Bukan di Kantor Setda tempatnya bekerja saat ini. Jadi bukan video baru, tapi video lama,"" kata dia.Dia juga berdalih uang yang diserahkan bukan 'pelicin' lelang proyek melainkan retribusi untuk uji laboratorium kualitas pembangunan jalan.""Dari keterangan pejabat yang bersangkutan itu uang retribusi. Bukan untuk 'pelicin'. Jadi itu video lama yang disebar lagi, dengan narasi yang berbeda seolah-olah baru dan terkait proses lelang,"" tuturnya.Jatnika mengaku masih menelusuri tujuan dari penyebar video tersebut. ""Masih kami telusuri kenapa video itu tersebar dan disebarkan. Apalagi narasinya berbeda dengan keterangan dari pejabat yang bersangkutan,"" pungkasnya."
Sudirman Said: Anies Perlu Waktu dan Ketenangan untuk Tentukan Cawapres, 22 Feb 2023 21:06 ,https://news.detik.com/pemilu/d-6583747/sudirman-said-anies-perlu-waktu-dan-ketenangan-untuk-tentukan-cawapres,"Juru Bicara Anies Baswedan, Sudirman Said berbicara soal calon wakil presiden (cawapres) yang akan mendampingi Anies Baswedan di Pilpres 2024 nanti. Sudirman Said menyebut Anies memerlukan waktu dan ketenangan untuk menentukan cawapresnya.""Sekarang barang kali waktunya setelah semuanya resmi kan waktunya Pak Anies memfinalkan pilihan-pilihan calon wakil presiden ke depan, dan itu saya kira perlu waktu, perlu ketenangan,"" katanya di kawasan Lebak Bulus, Jakarta Selatan, Rabu (22/2/2023).""Yang penting semua partai sudah mengatakan bahwa mengenai cawapres akan diserahkan kepada capres,"" sambung dia.                Sudirman Said mengatakan untuk kriteria cawapres sudah disepakati bersama. Sedangkan untuk deklarasi bersama, dia menyebut masih menunggu waktu yang tepat.""Tadi juga diulang oleh Pak Surya Paloh kan di Demokrat, kemudian kriterianya sudah disepakati, kriterianya seperti apa, jadi deklarasi besarnya itu ya nunggu waktu yang baik, mudah-mudahan setelah waktu bersama dengan calon wakil presiden,"" ujarnya.Ketika ditanya perihal nama-nama cawapres, Sudirman Said mengatakan membuka peluang untuk di dalam dan di luar partai. Dia menyebut semuanya berpeluang menjadi cawapres Anies.""Semuanya dibuka, dalam luar, orang partai, non partai, pokoknya kita berusaha mencari yang terbaik untuk bangsa ini,"" ungkapnya.""Semua opsi dipertimbangkan, semua opsi dibuka karena kita ingin mencari yang terbaik, kriteria yang disebutkan Pak Anies kan figur itu harus berkontribusi pada kemenangan, figur itu bisa menjadi penyeimbang dengan kaoalisi-koalisi terbaik, koalisi sendiri maupun dengan partai-partai lain di parlemen nantinya,"" imbuh dia.Simak Video 'Kata Paloh soal Potensi AHY Jadi Cawapres Anies: Lebih dari Pantas': [Gambas:Video 20detik]Baca pernyataan Surya Paloh soal Cawapres Anies di halaman selanjutnya.."
Partai Gelora Pede Jabar Jadi Lumbung Suara di Pemilu 2024, 22 Feb 2023 20:19 ,https://www.detik.com/jabar/berita/d-6583669/partai-gelora-pede-jabar-jadi-lumbung-suara-di-pemilu-2024,"Partai Gelora Indonesia optimistis Jawa Barat bisa menjadi basis pemenangan pada Pemilu 2024. Konsolidasi pun terus dilakukan guna memanaskan mesin partai.Ketua Umum Partai Gelora Indonesia, Anis Matta mengatakan Jabar adalah satu wilayah di Indonesia yang paling dinamis. Sehingga ia meyakini Gelora akan mengumpulkan banyak suara di Jawa Barat.""Kita optimis Jawa Barat ini akan menjadi salah satu basis utama partai Gelora pada pemilu 2024 yang akan datang. Sebagian besar pimpinan di Partai Gelora juga akan bertarung di Dapil di Jawa Barat,"" ujar Anis di Hotel Shunsine, Soreang, Kabupaten Bandung, Rabu (22/2/2023).                Anis menyebut warga Jabar banyak yang terpelajar. Sehingga tuntutan pada kemajuan jauh lebih besar.""Saya kira ada kompatibilitas, ada kecocokan antara narasi antara Partai Gelora ini dengan tabiat masyarakat Jabar yang dinamis. Kita ingin Indonesia bisa menjadi super power baru yang menjadi kekuatan dunia di masa yang akan datang,"" katanya.Anis menegaskan yang terpenting target saat ini adalah kadernya bisa menembus parlemen. Setelah itu baru langkah lain ditentukan.""Dalam penetapan target kita tetap realistis, kita harus bisa melewati 4 persen target Parlementer Threshold dulu. Setelah itu kita lihat lagi sambil jalan nanti, mudah-mudahan targetnya sudah bisa melampaui target yang sudah kita tetapkan,"" jelasnya.""Kalau 4 persen itu minimal untuk 24 kursi ya karena yang dihitung DPR Pusat, jadi kalau kita bicara parlementer Threshold paling tidak seperti itu,"" tambahnya.Dia menambahkan dalam konsolidasi saat ini merupakan salah satu upaya mencalonkan diri sebagai calon presiden. Oleh karena itu ia terus melakukan konsolidasi di setiap daerah.""Iyah lah siap (jadi Presiden) dong, semangat,"" pungkasnya."
Anies Dukung Sistem Pemilu Terbuka: Lebih Baik untuk Demokrasi, 22 Feb 2023 19:50 ,https://news.detik.com/pemilu/d-6583623/anies-dukung-sistem-pemilu-terbuka-lebih-baik-untuk-demokrasi,"Mahkamah Konstitusi saat ini tengah menyidangkan gugatan sistem proporsional terbuka atau tertutup. Merespon itu, eks Gubernur DKI Jakarta Anies Baswedan mendukung sistem coblos caleg atau proporsional terbuka.""Ya, (pilih) terbuka,"" kata Anies di kawasan Lebak Bulus, Jakarta Selatan, Rabu (22/2/2023).Anies mengatakan sistem proporsional terbuka atau sistem coblos caleg dinilai lebih sehat. Dia menyebut hubungan pemilih dan yang dipilih pun akan terbangun dengan sistem pemilu terbuka.                ""Saya rasa kita ini kan sudah pada fase memberikan ruang partisipasi yang luas kepada publik, kepada masyarakat, sehingga tokoh-tokoh itu hadir, dan hubungan antara pemilih dengan orang-orang yang dipilih itu terbangun dengan terbuka, karena itu lah akan lebih sehat, lebih baik untuk demokrasi kita,"" ujarnya.Sebelumnya, ada enam pemohon yang tertulis dalam gugatan UU Pemilu di MK tersebut. Mereka ialah:1. Demas Brian Wicaksono (pengurus PDIP Cabang Probolinggo)2. Yuwono Pintadi3. Fahrurrozi (bacaleg 2024)4. Ibnu Rachman Jaya (warga Jagakarsa, Jaksel)5. Riyanto (warga Pekalongan)6. Nono Marijono (warga Depok)Dalam gugatannya, pemohon meminta MK mengabulkan permohonan agar sistem pemilu diubah menjadi proporsional tertutup atau coblos gambar partai bukan nama caleg.Simak juga Video 'Tangkal Serangan Siber di Pemilu, BSSN Pastikan Satgas Sudah Mulai Bekerja': [Gambas:Video 20detik]"
Ketua DPP Golkar Tolak Sistem Coblos Partai: Bikin Lupa Turba ke Rakyat, 22 Feb 2023 19:12 ,https://news.detik.com/pemilu/d-6583540/ketua-dpp-golkar-tolak-sistem-coblos-partai-bikin-lupa-turba-ke-rakyat,"Ketua DPP Golkar Dave Laksono menegaskan pihaknya menolak sistem proporsional tertutup atau coblos logo partai, bukan nama calegnya langsung, diberlakukan di Pemilu 2024. Dave menilai sistem pemilu tertutup dapat membuat para calon legislatif (caleg) melupakan turun ke bawah (turba) mengurusi rakyat.""Yang kita ingin kejar itu adalah masyarakat tetap memiliki hak untuk memilih, masyarakat tetap memiliki hak untuk menyampaikan pendapatnya, dan juga dengan mendorong menjadi sistem proporsional tertutup itu bisa dilupakan turun ke bawah, reses-reses, pasti anggota-anggota (DPR), 'Ya udah ngapain capek-capek. Nunggu di ujung aja, toh kan nanti nomor urut',"" kata Dave kepada wartawan di kompleks parlemen, Senayan, Jakarta, Rabu (22/2/2023).Dave berpandangan, pemberlakuan sistem proporsional tertutup bakal memberangus fungsi aspirasi anggota DPR. Sebabnya, menurut dia, sistem ini bakal membuat para caleg cukup bergantung pada keputusan partai, sehingga meminggirkan kewajibannya untuk turun ke rakyat.                ""Kalau misalnya kita itu sudah tidak lagi mencoblos nama, kembali ke proporsional tertutup, ya fungsi aspirasinya itu sudah otomatis akan berkurang bahkan hilang. Ya kita ngapain capek-capek turun ke bawah. Tinggal tunggu partai yang nentuin,"" ujar anggota Komisi I DPR ini.Lebih lanjut, Dave menilai sistem ini membuat partai hanya bertumpu pada segelintir figur saja. Dia menegaskan hal ini harus dihindari.""Jadi akhirnya partai yang harus bekerja, partai yang harus turun, akhirnya partai apa, akan bertumpu kepada satu dua figur. Partai kan pasti akhirnya bertumpu kepada dua, tiga figur. Siapa yang, apa namanya, ketua umum ataupun juga siapapun figur yang partai jual akhirnya semua berlari ke sana, tidak lagi berlari kepada anggota parlemen,"" kata Dave.""Jadi kotaknya masyarakat itu akan semakin lama semakin hilang, semakin berkurang. Jadi itu yang harus kita patahkan, itu harus kita putus,"" imbuhnya.Untuk diketahui, sistem pemilu saat ini yang memberlakukan sistem proporsional terbuka atau coblos nama caleg langsung, bukan logo partai, sedang menjadi perkara gugatan di Mahkamah Konstitusi (MK). Ada enam pemohon yang tertulis dalam gugatan UU Pemilu di MK tersebut. Mereka ialah:1. Demas Brian Wicaksono (pengurus PDIP Cabang Probolinggo)2. Yuwono Pintadi3. Fahrurrozi (bacaleg 2024)4. Ibnu Rachman Jaya (warga Jagakarsa, Jaksel)5. Riyanto (warga Pekalongan)6. Nono Marijono (warga Depok)Dalam gugatannya, pemohon meminta MK mengabulkan permohonan agar sistem pemilu diubah menjadi proporsional tertutup atau coblos gambar partai bukan nama caleg.Simak juga Video 'Golkar Jatim Dorong Khofifah Bisa Jadi Cawapres Airlangga': [Gambas:Video 20detik]"
"Bupati Kendal Dico Temui Gibran di Solo, Kaget soal Survei Pilgub Jateng", 22 Feb 2023 18:06 ,https://news.detik.com/pemilu/d-6583398/bupati-kendal-dico-temui-gibran-di-solo-kaget-soal-survei-pilgub-jateng,"Bupati Kendal Dico Ganinduto bertemu dengan Wali Kota Solo Gibran Rakabuming Raka di rumah dinas Loji Gandrung. Dico mengaku sempat bicara politik dengan Gibran Rakabuming.Seperti dilansir detikJateng, salah satu yang sempat keduanya bicarakan yakni mengenai hasil survei di Pilgub Jateng. Dico mengaku sempat kaget dengan adanya survei Pilgub Jateng 2024 versi lembaga Survei Aksara Research and Consulting.""Iya tadi sempat ngobrolin juga masalah survei, jadi sama-sama kaget kita juga nggak tahu. Jadi tadi sama-sama nanya 'Mas survei itu gimana sih?' Jadi sama-sama kaget juga,"" kata Dico di Loji Gandrung, Rabu (22/2/2023).                Dico pun menyampaikan terima kasih soal restu yang diberikan Sekretaris DPD I Golkar Jateng Juliyatmono. Namun, suami Chacha Frederica ini mengaku masih fokus dengan tugasnya Bupati Kendal.Dia juga menjawab saat disinggung soal duet bareng Gibran di Pilgub Jateng. Dico mengaku saat ini fokus pada Pilpres dan Pileg terlebih dahulu.""(Duet Gibran Dico) Masih panjang prosesnya. Mas Gibran dari PDI, saya dari Golkar nanti ketum seperti apa. Sekarang fokusnya masih Pilpres dan Pileg dulu. Saya rasa di partai Mas Gibran dan saya sama, baru fokus Pilpres dan Pileg baru nanti pilkada,"" pungkasnya.Baca berita lengkapnya di sini.Lihat juga Video 'Gerindra Siap Dukung Gibran Rakabuming di Pilgub 2024': [Gambas:Video 20detik]"
"Projo Beri Selamat JoMan Dukung Prabowo di Pilpres 2024, Bakal Nyusul?", 22 Feb 2023 17:20 ,https://news.detik.com/pemilu/d-6583288/projo-beri-selamat-joman-dukung-prabowo-di-pilpres-2024-bakal-nyusul,"Rombongan relawan Jokowi Mania (JoMan) telah resmi mendukung Prabowo Subianto di Pilpres 2024, setelah sebelumnya menyatakan dukungan ke Ganjar Pranowo. Relawan Pro Jokowi (Projo) memberikan selamat atas sikap yang diambil JoMan.""Pertama, saya ucapkan selamat dulu buat Noel yang sudah mengambil sikap. Apapun itu harus kita hargai dalam konteks demokrasi,"" kata kata Ketua Panitia Musra Projo, Panel Barus di FX Senayan, Jakarta Pusat, Rabu (22/2/2023).Menurut dia, keputusan Noel untuk mengubah dukungannya merupakan hal wajar. Dia menyebut setiap orang memiliki hak untuk memilih calon dukungannya.                ""Saya pikir itu pilihan, sama kayak teman-teman mau beli sesuatu pilih-pilih, tiba-tiba gak cocok akhirnya beli yang lain, itu biasa saja. Itu hak setiap orang, setiap organisasi mau dukung siapa. Saya ucapkan selamat kepada Noel sudah mengambil sikap seperti itu,"" ujarnya.Lebih lanjut, Panel mengaku menghargai keputusan Noel JoMan untuk mendukung Prabowo. Dia menyebut untuk Projo akan menentukan dukungan secara bertahap.""Gini, kaitannya dengan Noel dukung Jokowi kan dia punya organisasi namanya JoMan. Kalau hari ini dia bikin apa mania pun itu kan dalam konteks 2024, saya memahaminya begitu. Sama halnya organisasi relawan yang ada di musra, ada Projo, misalnya. Ada yang lain-lain lah, pasti di 2024 menentukan sikapnya, kan begitu,"" kata dia.""Cuma bedanya kami melakukan tahap yang namanya musra dulu, sesuai arahan Pak Jokowi untuk menggali kembali aspirasi, kehendak rakyat,"" sambung Panel.Untuk diketahui, Relawan JoMan menyatakan mendukung Prabowo untuk maju sebagai capres di Pemilu 2024. Dukungan ini dinyatakan beberapa saat setelah Relawan JoMan membubarkan Ganjar Pranowo (GP) Mania.""DPP Jokowi Mania (JoMan) memutuskan untuk mendukung Prabowo Subianto sebagai calon presiden 2024/2029,"" kata Sekjen Relawan JoMan Akhmad Gojali dalam konferensi pers di DPP JoMan, Jakarta Selatan, Rabu (15/2).Selain relawan JoMan, Abu Janda yang dikenal sebagai salah satu pendukung Presiden Jokowi juga menyatakan mendukung Prabowo Subianto sebagai calon presiden 2024.Simak juga Video: JoMan, GP Mania, Kini Prabowo Mania[Gambas:Video 20detik]"
"Demokrat: Kasihan Koalisi Lain, Nama Capresnya Belum Ada", 22 Feb 2023 16:55 ,https://news.detik.com/pemilu/d-6583226/demokrat-kasihan-koalisi-lain-nama-capresnya-belum-ada,"Wasekjen Partai Demokrat Jansen Sitindaon menilai 'Koalisi Perubahan' jauh lebih maju dibanding koalisi lain. Dia lantas merasa iba dengan koalisi di luar 'Koalisi Perubahan' yang belum mendeklarasikan nama capresnya.""Progres (deklarasi), pasti progresnya ke sana. Kan kasian juga koalisi yang lain, nama capresnya belum ada,"" ujar Jansen di kantor DPP Demokrat, Menteng, Jakarta Pusat, Rabu (22/2/2023).""Kalau kita ini kan sudah apa ya, jauh lebih maju lah dari koalisi lain. Jadi kalau deklarasi bersama pasti, tinggal kita cari waktunya,"" sambungnya.                Jansen mengatakan koalisinya meyakini apa yang dilakukan, termasuk soal mencapreskan Anies Baswedan. Hal itu, lanjut Jansen, tak seperti koalisi lainnya yang masih belum menentukan sosok capresnya.""Kalau kita maju terus, makanya kita kan sudah mencapreskan Mas Anies, kan, mungkin kalau embrio koalisi yang lain ya masih lihat-lihat, kan gitu. Kalau kita apa yg kita yakini itu yang kita lakukan,"" ungkap Jansen.Jansen menuturkan bahwa ada banyak hal yang perlu dibahas oleh 'koalisi perubahan' sebelum deklarasi, termasuk soal pertimbangan deklarasi cawapres. Dia kemudian mendorong tiga koalisi lainnya untuk juga segera mendeklarasikan capresnya.""Arahnya pasti ke sana (deklarasi). Kan tidak mungkin (tidak), kita sudah cukup 20 persen, tapi kan masih banyak detail yang mesti dibahas. Jadi, itu kan ada strateginya, kapan waktu tang pas nya, apakah bersamaan dengan cawapresnya,"" tutur Jansen.""Itu makanya dalam beberapa kesempatan saya katakan mbok ya tiga embrio koalisi yang lain itu, menyegerakan juga. Toh kan sudah cukup 20 persen itu? KIB dengan 3 partainya, kemudian KIR kan sudah cukup juga itu, teman2 PDIP. Ya minimal umumkan lah capresnya. Kalau wapresnya bisa saja ditahan di akhir-akhir, karena itu bagian dari strategi, mungkin biar ada efek kejutnya kan begitu kan. Karena kan cantik tuh,"" sambungnya."
"Pastikan Pemilih Meninggal, Petugas Pantarlih Luwu Cek Langsung ke Kuburan", 22 Feb 2023 16:55 ,https://www.detik.com/sulsel/berita/d-6583225/pastikan-pemilih-meninggal-petugas-pantarlih-luwu-cek-langsung-ke-kuburan,"Viral di media sosial petugas panitia pemutakhiran data pemilih (pantarlih) KPU Kabupaten Luwu, Sulawesi Selatan (Sulsel) melakukan pencocokan dan penelitian (coklit) data pemilih di kuburan jelang Pemilu 2024. Hal itu dilakukan untuk memastikan benar tidaknya salah seorang pemilih telah meninggal.Dalam video beredar, Rabu (22/2/2023), seorang petugas pantarlih mendatangi kuburan di Desa Pompengan, Kecamatan Lamasi Timur, Kabupaten Luwu. Petugas itu datang didampingi seorang pria dari pihak keluarga yang telah meninggal.Tiba-tiba, pria itu berbicara di depan batu nisan dan menjelaskan maksud kedatangan petugas pantarlih.                ""Maaf, pantarlih datang hendak bertanya karena mau mendata pemilih dan mau memastikan bahwa Anda sudah benar-benar mati, maaf sebelumnya,"" kata salah seorang keluarga sambil memegang papan nama kuburan.Pria itu pun kemudian, memperlihatkan nama almarhum yang telah meninggal untuk memperjelas kepada petugas pantarlih KPU Luwu.""Ini namanya Sahido kalau kuburan ini Abbas. Ok jelas yah,"" ucapnya.Sementara itu Ketua KPU Luwu, Ahsan Sofyan membenarkan video beredar tersebut. Menurutnya, hal itu dilakukan untuk mengecek data pemilih agar lebih akurat.""Iya betul saya liat di grup beredar, itu anggota kita di Desa Pompengan, Kecamatan Lamasi Timur. Sebenarnya metode pemeriksaan pemilih meninggal dunia itu dicek keterangan meninggal dari kelurahan atau rumah sakit, tapi mungkin pantarlih kita mau lebih akurat yah jadi dia cek langsung di kuburan,"" ungkapnya.Dia pun tidak mempermasalahkan kerja dari petugas pantarlih yang mengunjungi kuburan itu. Menurut dia, semangat pantarlih tersebut untuk menyukseskan Pemilu 2024 bisa menjadi contoh anggota pantarlih yang lain.""Justru saya apresiasi. Semangatnya untuk cek data pemilih agar lebih akurat harus menjadi contoh bagi pantarlih yang lain. Ya tapi kan sekarang ada data di kelurahan dan rumah sakit, jadi ada hal yang lebih mudah lagi,"" ucapnya.Ahsan menambahkan, pekerjaan pantarlih untuk mendata pemilih bukan pekerjaan yang mudah. Pasalnya kata dia, berbagai macam kendala yang dihadapi pantarlih di lapangan selama melakukan coklit, satu di antaranya, akses ke pelosok wilayah Luwu.""Bukan pekerjaan yang mudah, saya sering mendapat laporan kalau petugas pantarlih kita sering melalui medan berat saat ke pelosok. Saya sering bilang pekerjaan kalian ini gajinya tidak begitu banyak, tapi ini pekerjaan mulia dan akan dicatat dalam sejarah demokrasi Indonesia jadi berbanggalah kalian,"" tandasnya."
"Duet Anies-Sandi Mencuat di Survei Voxpol, PKS: Siapa Saja Berpeluang", 22 Feb 2023 16:13 ,https://news.detik.com/pemilu/d-6583068/duet-anies-sandi-mencuat-di-survei-voxpol-pks-siapa-saja-berpeluang,"Voxpol Center Research and Consulting menyebut duet Anies Baswedan dan Sandiaga Uno bisa dipertimbangkan untuk Pilpres 2024. PKS menyambut penilaian Voxpol tersebut.Founder sekaligus Direktur Eksekutif Voxpol, Pangi Syarwi Chaniago, mengulas hasil survei yang terakhir dirilis Voxpol dengan Anies Baswedan mendapat elektabilitas tertinggi di segmen capres dan Sandiaga tertinggi di sektor cawapres. Pangi kemudian mengulas kepemimpinan Anies dan Sandi di Jakarta. Anies dan Sandi tidak berpasangan sampai 5 tahun karena nama terakhir memutuskan maju Pilpres 2019.""Temuan terbaru survei Voxpol Center Research and Consulting yang dilakukan pada November 2022 menunjukkan potensi yang sangat besar bagi pasangan Anies-Sandi untuk dipasangkan sebagai calon presiden dan wakil presiden,"" kata Pangi dalam keterangannya, Rabu (22/2/2023).                Dalam survei yang dimaksud, elektabilitas Anies mencapai 23,6% dan Sandiaga 22,5%. Voxpol juga melakukan simulasi Pilpres 2024 tiga pasangan dengan duet Anies-Sandi mendapat 33,8%, Ganjar Pranowo-Erick Thohir 30,7% dan Prabowo-Khofifah 25,9%.""Data ini menunjukkan pasangan ini sangat potensial dan berpeluang besar mengulang sukses di Jakarta untuk dibawa ke arena yang lebih luas sebagai kandidat calon presiden dan wakil presidem. Itu artinya Anies-Sandi akan naik kelas bukan hanya untuk Jakarta tapi untuk Indonesia,"" ujar Pangi.Kata PKSJuru Bicara PKS Muhammad Iqbal menyambut baik hasil survei tersebut. Dia menganggap Sandiaga merupakan sosok yang dekat dengan PKS.""Saya kira Mas Sandi ini adalah orang yang sangat dekat dengan PKS, karena pernah diusung dan ini adalah pasangan yang pernah menang, artinya kami menyambut baik survei Mas Sandi yang tinggi,"" kata Iqbal dalam keterangan tertulis.""Dan memang saat ini kita belum menentukan cawapres. Artinya Sandi masih berpeluang untuk bisa diusung PKS dengan siapa saja berpeluang, termasuk Sandi, apalagi punya survei yang tinggi dan pernah menang bersama Anies,"" bebernya.Iqbal juga menyoroti rekam jejak Sandiaga di dunia usaha. Menurutnya, Sandiaga dapat menjadi representasi dari pemikiran kelompok milenial.""Kita kan sekarang menghadapi gejolak ekonomi dunia, kita memerlukan orang-orang yang kuat di dunia usaha, kuat di networking global, dan saya kira Mas Sandi ini profil yang bisa mengisi kekosongan-kekosongan enterpreneur, anak muda, juga bisa mewakili-representasi dari pemikiran milenial-milenial kita,"" katanya.Namun, Iqbal menekankan saat ini PKS tergabung dalam Koalisi Perubahan yang hendak dibentuk bersama Partai NasDem dan Partai Demokrat. Iqbal mengatakan partainya menyerahkan keputusan penetapan cawapres kepada partai-partai di koalisi dan Anies selaku capres usungan.""Saya kira dalam politik itu sangat dinamis, walaupun kita sudah memutuskan bahwa Pak Anies yang nanti juga akan memutuskan (cawapres) dan tentu ada persetujuan dari partai pengusung, saya kira bukan tidak mungkin Mas Sandi satu hari akan bersanding lagi dengan Pak Anies,"" ujarnya.Simak Video: Kata Paloh soal Potensi AHY Jadi Cawapres Anies: Lebih dari Pantas[Gambas:Video 20detik]"
"Relawan Jokowi Akan Gelar Musra Lagi di 11 Provinsi, Terakhir di Jakarta", 22 Feb 2023 15:58 ,https://news.detik.com/pemilu/d-6583041/relawan-jokowi-akan-gelar-musra-lagi-di-11-provinsi-terakhir-di-jakarta,"Gabungan Relawan Jokowi akan menggelar musyawarah rakyat (musra) di sejumlah provinsi hingga April nanti. Pada akhir pekan ini mereka akan menggelar musra di 3 provinsi.Pada Sabtu (25/2) nanti, relawan Jokowi akan menggelar musra di dua provinsi di Papua sekaligus. Terhitung sejak akhir pekan ini, Relawan Jokowi akan menggelar musra di 11 provinsi.""25 Februari 2023 kita akan selenggarakan musra di tanah Papua, bisa jadi langsung di dua provinsi di Papua itu, di tanggal yang sama, dan di waktu yang sama di Sorong dan Manokwari, Papua Barat Daya dan Papua Barat,"" kata Ketua Panitia Musra, Panel Barus, di FX Senayan, Jakarta Pusat, Rabu (22/2/2023).                Sehari kemudian, relawan Jokowi akan menggelar musra di Kalimatan Utara (Kaltara).""26 Februari 2023, satu hari berselang kita akan selenggarakan musra ke XX di Kaltara di Tarakan, setelah 26 Februari, kita akan selenggarakan musra 4 Maret di Pontianak Kalbar,"" ujarnya.Selanjutnya, pada Minggu (5/3), relawan Jokowi akan kembali menggelar musra di Sulawesi Tengah. Kemudian, musra juga akan digelar di Nusa Tenggara Barat, Aceh, Jambi dan akan ditutup di Jakarta.""5 Maret satu hari berselang kita akan laksanakan musra di Sulawesi Tengah, Palu. Lalu berikutnya ada 11-12 (Maret) seterusnya, 11 di Sumut, 12 di NTB, baru lompat ke tanggal 18-19 (Maret) ya, ada Aceh, ada Jambi, ada Bengkulu,"" kata dia.""Terakhir kita akan tutup musra di Jakarta, kemungkinan besar akan kita laksanakan setelah lebaran Idul Fitri, di Kemayoran,"" imbuh Panel."
"Besok, PKS Deklarasi Resmi Anies Baswedan Capres 2024!", 22 Feb 2023 15:55 ,https://news.detik.com/pemilu/d-6583032/besok-pks-deklarasi-resmi-anies-baswedan-capres-2024,"PKS akan mendeklarasikan secara resmi eks Gubernur DKI Anies Baswedan sebagai capres untuk Pilpres 2024. Deklarasi ini dilakukan menjelang acara rapat kerja nasional (rakernas) PKS.""Iya betul. Besok DPP PKS secara resmi mendeklarasikan Anies Baswedan jam 13.00 di kantor DPP PKS di TB Simatupang,"" kata Juru Bicara (Jubir) PKS M Iqbal kepada wartawan, Rabu (22/2/2023).Iqbal mengatakan acara itu diawali musyawarah oleh jajaran Majelis Syuro PKS dan ditutup dengan agenda deklarasi Anies Baswedan sebagai capres yang didukung di 2024.                ""Musyawarah majelis syuro, ditutup dengan deklarasi resmi,"" kata Iqbal.Iqbal mengatakan deklarasi dukungan ke Anies itu akan disampaikan langsung oleh Presiden PKS Ahmad Syaikhu. Anies juga akan hadir secara langsung dalam acara deklarasi.""Disampaikan langsung oleh Presiden PKS dan dihadiri Anies,"" katanya.Tonton juga Video: AHY Sepakat Anies Jadi Capres Pembawa Gerakan Perubahan dan Perbaikan[Gambas:Video 20detik]"
"Paloh Cerita Kunjungi PKS Sebelum Berkoalisi, Ungkit Rangkulan Persahabatan", 22 Feb 2023 15:53 ,https://news.detik.com/pemilu/d-6583026/paloh-cerita-kunjungi-pks-sebelum-berkoalisi-ungkit-rangkulan-persahabatan,"Ketum Partai NasDem Surya Paloh mengatakan NasDem akan berkunjung juga ke markas Partai Keadilan Sejahtera (PKS). Dia menyebut akan mencari waktu yang cocok untuk pertemuan itu.""PKS, kita cari waktu yang cocok nanti (untuk) kawan-kawan PKS,"" ujar Paloh saat ditanyai terkait rencana kunjungan ke markas PKS, di DPP Partai Demokrat, Jakarta Pusat, Rabu (22/2/2023).Paloh menyebut dirinya sudah datang ke markas PKS jauh sebelum 'koalisi perubahan' lahir. Dia menyebut itu sebagai rangkulan persahabatan.                ""Jangankan sekarang kita berkoalisi, jauh-jauh hari sebelum koalisi sudah pergi saya ke PKS,"" ungkap Paloh.""Yang terkenal dengan rangkulan persahabatan,"" sambungnya.Untuk diketahui, Ketum Partai NasDem Surya Paloh tiba di kantor DPP Partai Demokrat untuk bertemu dengan Ketum. Partai Demokrat Agus Harimurti Yudhoyono (AHY). Pertemuan ini disebut untuk mematangkan Koalisi Perubahan.Surya Paloh mengungkapkan isi pertemuannya dengan Ketua Umum Partai Demokrat Agus Harimurti Yudhoyono (AHY). Surya Paloh menyebut tak ada perbedaan di dalam Koalisi Perubahan.Awalnya Surya Paloh bicara soal ada kesepakatan-kesepakatan dalam pertemuan itu seperti yang telah disampaikan oleh AHY. Surya Paloh menyebut diskusi dengan Demokrat cukup intens.""Tidak ada perbedaan apapun dari satu diskusi yang cukup intens tadi, mempunyai kesepakatan, kesepahaman pandangan yang sama. Semua disatukan oleh niat baik dari kedua institusi partai politik ini untuk ingin memberikan kontribusi yang optimal bagi kepentingan kemajuan bangsa dan negara,"" kata Surya Paloh saat konferensi pers bersama AHY di DPP Demokrat, Jakarta, Rabu (22/2).Menurut Surya Paloh, jika ada perbedaan pandangan, hal itu adalah hal yang biasa.""Tentu dalam sebuah sistem negara demokrasi, tidak semua bermufakat. Dalam kesepakatan ini, ada perbedaan, ada beda pandangan, beda pikiran yang melahirkan satu dan lain, kita bersepakat tapi mempunyai optimisme dan keyakinan penuh didasari oleh hal baik,"" katanya.Surya Paloh menegaskan bahwa tidak ada perbedaan di antara mitra calon Koalisi Perubahan yang mengusung Anies Baswedan sebagai bakal calon presiden.""Hal yang perlu kami utarakan pada saudara semuanya. Mengenai masalah koalisi di antara Demokrat, PKS, NasDem, sudah menjelaskan tadi. Saya pikir tidak ada perbedaan sedikitpun,"" katanya."
"Elektabilitas NasDem Melesat Naik, Surya Paloh: Kami Terbiasa Rendah", 22 Feb 2023 15:38 ,https://news.detik.com/pemilu/d-6582984/elektabilitas-nasdem-melesat-naik-surya-paloh-kami-terbiasa-rendah,"Ketum Partai NasDem Surya Paloh buka suara soal elektoral partainya yang melesat naik dibanding PKS dan Demokrat yang mengalami penurunan di survei Litbang Kompas. Paloh mengatakan partai-partai di Koalisi Perubahan berkewajiban untuk saling membesarkan hati.Mulanya, Paloh mengatakan lembaga survei memberikan indikasi kepada partai politik (parpol). Dia lalu mengatakan NasDem sudah terbiasa dengan hasil survei yang rendah.""Kita kan bisa memahami lembaga survei memberikan indikasi, indikator tentu pemahaman kami, baik saya, Demokrat Mas AHY, dan partai lainnya, semua menghargai pikiran hasil survei. NasDem sudah terbiasa surveinya rendah, naik sedikit baru napas aja, turun lagi,"" kata Paloh di kantor DPP Demokrat, Jakarta Pusat, Rabu (22/2/2023).                ""Tapi kami saling besarkan hati, itu kewajiban. Kalau mas AHY kecil, PKS dikit, itu kewajiban saya,"" lanjutnya.Paloh mengatakan hasil survei ialah hal yang dinamis dalam sebuah progres. Dia menyebut ketiga partai, yakni PKS, NasDem, dan Demokrat, berkewajiban untuk saling berusaha hadir di perjalanan politik yang panjang.""Semuanya ini adalah hal yang dinamis dalam suatu progres. Jadi itu bukan semuanya hari ini, sebagai indikasi hari ini, ya, tapi kan ini panjang perjalanan, tapi kami berkewajiban untuk saling berusaha hadir, itu kewajiban,"" ujar Paloh.Paloh menilai unsur 'saling hadir' inilah yang menjadi nilai jual 'koalisi perubahan. Dia menyebut koalisinya tidak sekadar lip service karena kebutuhan sesaat saja.""Jadi kalau Mas AHY barangkali ada sedikit murung kecil, itu kewajiban saya bikin dia gembira sedikit. Kawan-kawan PKS sedikit, nah itu, kalau nggak, kalau koalisinya nggak hangat, koalisinya hanya sekadar lip service saja, karena kebutuhan sesaat bersama-sama, habis itu kita tidak saling mengenal satu sama lain, ya mudah-mudahan jangan terjadi diantara Demokrat, PKS, dan NasDem,"" beber Paloh.""Ini yang namanya Perubahan. Jadi kepada teman-teman semuanya, semuanya kami memiliki spirit yang sama, saling membesarkan hati, dan insyaAllah progres yang jauh lebih positif bisa kami dapatkan di depan, kami semua berkepentingan dan semoga termanage dengan baik,"" sambungnya.Untuk diketahui, dalam lingkaran partai 'koalisi perubahan' elektoral NasDem melesat naik dibanding PKS dan Demokrat yang mengalami penurunan di survei Litbang Kompas. PKS dan Demokrat memahami kenaikan elektoral NasDem karena efek ekor jas Anies Baswedan, meski begitu keduanya tidak merasa iri.Survei periodik Litbang Kompas ini dilakukan melalui wawancara tatap muka pada 25 Januari-4 Februari 2023. Total 1.202 responden dipilih secara acak menggunakan metode pencuplikan sistematis bertingkat di 38 provinsi di Indonesia.Tingkat kepercayaan survei menggunakan metode ini mencapai 95 persen dengan margin of error +- 2,83 persen dalam kondisi penarikan sampel acak sederhana. Litbang Kompas menyatakan kesalahan di luar pemilihan sampel dimungkinkan terjadi.Dalam survei ini, elektoral NasDem berada di urutan kelima dengan suara 7,3%. Sementara PKS 4,8% dan Demokrat 8,7%. Secara tren NasDem mengalami kenaikan, PKS dan Demokrat merosot.Berikut berbandingan elektoral ketiga partai itu di survei saat ini dan periode sebelumnya:Periode Januari-Februari 2023Demokrat 8,7%NasDem 7,3%PKS 4,8%Periode September-Oktober 2022Demokrat 14%NasDem 4,3%PKS 6,3%Berikut ini elektabilitas partai politik hasil Survei Litbang Kompas, dikutip Selasa (21/2/2023):1. PDIP 22,9%2. Gerindra 14,3% 3. Golkar 9% 4. Demokrat 8,7%5. NasDem 7,3%6. PKB 6,1%7. PKS 4,8% 8. Perindo 4,1%9. PPP 2,3%10. PAN 1,6% 11. Hanura 0,5%12. PBB 0,5%13. PSI 0,5%14. Lainnya 0,5% 15. Tidak tahu/rahasia 16,8%"
Cak Imin Beber Alasan Koalisi Gerindra-PKB Belum Umumkan Capres-Cawapres, 22 Feb 2023 15:34 ,https://www.detik.com/jatim/berita/d-6582974/cak-imin-beber-alasan-koalisi-gerindra-pkb-belum-umumkan-capres-cawapres,"Koalisi Gerindra-PKB sudah mendeklarasikan diri sejak Agustus 2022 lalu. Namun, hingga saat ini belum ada nama capres atau cawapres dari Koalisi Kebangkitan Indonesia Raya (KKIR) tersebut.Ketum PKB Muhaimin Iskandar mengungkapkan, koalisi Gerindra-PKB masih menunggu partai lain untuk mengumumkan nama capres-cawapres untuk Pilpres 2024.""Capres-cawapres masih proses diskusi, melihat peta. (PKB-Gerindra) Melihat perkembangan partai-partai lain, baru kami ambil keputusan,"" kata Muhaimin usai acara Menjemput Pesan Kampus di Universitas Trunojoyo, Madura, Rabu (22/2/2023).                Politikus yang akrab disapa Cak Imin ini menyatakan bahwa semua partai masih stuck, menunggu keputusan masing-masing koalisi.Menurutnya, saat ini semua partai memang masih sama-sama menunggu momentum yang tepat sambil mengintip siapa yang akan diusung di koalisi lainnya.""Ya lihat kebutuhan untuk peta dari capres-cawapres partai lain juga,"" jelasnya.Ditanya apakah PKB-Gerindra menunggu PDIP mengumumkan capres-cawapresnya, Cak Imin menjawab secara diplomatis.""Ya, menunggu semuanya lah (semua koalisi mengumumkan gaconya),"" tambahnya.Cak Imin menegaskan PKB masih solid dengan Gerindra. Setiap pembahasan koalisi atau capres-cawapres akan dirundingkan bersama dengan Gerindra.""Saya sudah terikat dengan Gerindra, sehingga semua langkah-langkah PKB, langkah-langkah Gerindra ke depan menjadi kewajiban untuk membicarakan bersama-sama,"" tandasnya."
"Ganjar Unggul Versi Litbang Kompas, PDIP Tetap Tunggu Arahan Megawati", 22 Feb 2023 15:09 ,https://news.detik.com/pemilu/d-6582918/ganjar-unggul-versi-litbang-kompas-pdip-tetap-tunggu-arahan-megawati,"Gubernur Jawa Tengah Ganjar Pranowo mendapatkan elektabilitas tertinggi versi survei Litbang Kompas dibandingkan capres lainnya yakni Prabowo Subianto dan Anies Baswedan. Ketua DPP PDIP Said Abdullah mengatakan PDIP tetap akan menunggu keputusan Megawati Soekarnoputri terkait pencapresan.""Urusan bakal calon presiden, hal itu sepenuhnya kewenangan Ibu Megawati Soekarnoputeri selaku Ketua Umum PDI Perjuangan yang diberikan oleh kongres partai menentukan calon presiden. Kita tunggu saja keputusan Ibu Ketua Umum,"" kata Said saat dihubungi, Rabu (22/2/2023).Meski begitu, Said mengucapkan terima kasih atas kepercayaan masyarakat kepada PDIP dan kader-kadernya. Terlebih, PDIP juga memuncaki elektabilitas partai versi Litbang Kompas.                ""PDI Perjuangan sangat berterima kasih atas limpahan kepercayaan rakyat yang tercermin melalui survei litbang kompas. PDI Perjuangan dinobatkan memuncaki elektabilitas partai partai versi litbang kompas. Ganjar Pranowo yang juga kader PDI Perjuangan mendapatkan elektabilitas tertinggi sebagai bakal calon presiden,"" ucap Said.Lebih lanjut, Said memastikan pihaknya akan terus bekerja keras menjaga kepercayaan yang diberikan oleh rakyat. Karena itulah, menurutnya PDIP akan terus melakukan konsolidasi kepartaian ke bawah, memastikan struktural partai di semua tingkatan terus mengobarkan kerja kerja kerakyatan.""PDI Perjuangan tidak segan-segan mencoret kader-kader yang tidak turun ke tengah tengah rakyat sebagaimana perintah Ibu Megawati Soekarnoputeri sebagai Ketua Umum. DPP PDI Perjuangan sudah menggariskan bahwa program program partai harus dijalankan sehebat hebatnya demi nilai manfaat terhadap rakyat, dan perbaikan kualitas lingkungan hidup,"" ujar dia.Survei Litbang KompasLitbang Kompas mengeluarkan hasil survei elektabilitas terbaru untuk calon presiden Pemilu 2024. Dalam Survei tersebut, elektabilitas Ganjar Pranowo lebih unggul dibandingkan Prabowo Subianto di posisi kedua, dan disusul Anies Baswedan.Survei periodik ini diselenggarakan pada 25 Januari sampai 4 Februari 2023. Sebanyak 1.202 responden dipilih secara acak menggunakan metode pencuplikan sistematis bertingkat di 38 Provinsi.Penelitian ini memiliki tingkat kepercayaan 95 persen dengan margin of error +-2,83.Berikut hasil survei Litbang Kompas yang dirilis pada Rabu (22/2) tentang elektabilitas kandidat capres pada Januari 2023:Ganjar Pranowo: 25,3%Prabowo Subianto: 18,1%Anies Baswedan: 13,1%Ridwan Kamil: 8,4%"
